Project,Bug,Time_sec,Generations,Statements,Fitness,Line,Branch,Exception,Mutation,Output,Method,CBranch,Tests,Length
Lang,Lang-10b,121.0,71.0,23009.0,536.7875204293019,77.0,73.0,100.0,33.0,49.0,54.0,73.0,37.0,158.0
Lang,Lang-11b,121.0,95.0,43554.0,58.949489081079356,80.0,89.0,100.0,68.0,67.0,100.0,78.0,55.0,86.0
Lang,Lang-12b,121.0,66.0,31178.0,38.85820372069903,88.0,93.0,100.0,55.0,67.0,100.0,88.0,59.0,96.0
Lang,Lang-13b,121.0,89.0,31330.0,31.007575757575758,83.0,75.0,100.0,20.0,67.0,100.0,71.0,18.0,54.0
Lang,Lang-14b,123.0,23.0,19784.0,1916.5785101338138,90.0,88.0,100.0,54.0,90.0,100.0,76.0,557.0,720.0
Lang,Lang-15b,121.0,128.0,67189.0,1109.0523719137145,48.0,44.0,100.0,27.0,50.0,93.0,17.0,45.0,175.0
Lang,Lang-16b,121.0,57.0,36076.0,558.9237184956703,90.0,77.0,100.0,55.0,65.0,100.0,77.0,169.0,288.0
Lang,Lang-17b,121.0,1246.0,387750.0,6.257575757575758,94.0,100.0,100.0,61.0,64.0,100.0,100.0,18.0,65.0
Lang,Lang-19b,121.0,1670.0,302173.0,185.09722222222223,15.0,32.0,100.0,10.0,33.0,100.0,32.0,7.0,30.0
Lang,Lang-1b,121.0,60.0,33318.0,620.5331148669434,90.0,72.0,100.0,57.0,73.0,100.0,72.0,182.0,277.0
Lang,Lang-20b,123.0,21.0,18542.0,1934.2570421453852,90.0,88.0,100.0,53.0,87.0,100.0,76.0,544.0,731.0
Lang,Lang-21b,121.0,74.0,20652.0,412.385601733008,93.0,86.0,100.0,50.0,44.0,100.0,81.0,132.0,300.0
Lang,Lang-22b,121.0,56.0,26261.0,270.6585792571557,95.0,90.0,100.0,54.0,83.0,100.0,89.0,106.0,279.0
Lang,Lang-23b,121.0,270.0,77058.0,607.5396907216494,43.0,32.0,100.0,5.0,67.0,100.0,32.0,23.0,58.0
Lang,Lang-24b,121.0,63.0,36520.0,563.1297875950523,90.0,75.0,100.0,60.0,68.0,100.0,75.0,177.0,275.0
Lang,Lang-26b,121.0,38.0,14305.0,1115.4226110025281,,,,,,,,,
Lang,Lang-27b,121.0,64.0,41238.0,602.446674106425,88.0,73.0,100.0,63.0,71.0,100.0,73.0,179.0,290.0
Lang,Lang-28b,121.0,1424.0,371062.0,86.41772714646562,70.0,67.0,100.0,17.0,33.0,100.0,67.0,7.0,34.0
Lang,Lang-29b,121.0,469.0,218572.0,797.5902248467918,74.0,73.0,100.0,39.0,56.0,100.0,73.0,41.0,51.0
Lang,Lang-30b,123.0,24.0,22364.0,1401.5647849090333,91.0,90.0,100.0,58.0,89.0,100.0,78.0,538.0,701.0
Lang,Lang-31b,122.0,24.0,23430.0,1295.9829249754616,93.0,92.0,93.0,58.0,90.0,100.0,79.0,520.0,670.0
Lang,Lang-32b,121.0,77.0,68269.0,126.02857142857142,90.0,86.0,100.0,89.0,54.0,100.0,81.0,63.0,187.0
Lang,Lang-33b,121.0,62.0,38587.0,519.2157891974726,78.0,69.0,100.0,51.0,59.0,100.0,66.0,92.0,174.0
Lang,Lang-34b,122.0,49.0,41550.0,361.503908045977,85.0,80.0,100.0,70.0,48.0,100.0,80.0,204.0,629.0
Lang,Lang-35b,122.0,34.0,38009.0,1063.30968835116,95.0,87.0,100.0,72.0,76.0,100.0,84.0,475.0,1028.0
Lang,Lang-36b,122.0,60.0,34613.0,560.0875647561894,90.0,77.0,100.0,56.0,65.0,100.0,77.0,177.0,284.0
Lang,Lang-37b,122.0,35.0,34642.0,1198.9974016683282,93.0,83.0,100.0,71.0,71.0,100.0,79.0,419.0,947.0
Lang,Lang-38b,122.0,40.0,13240.0,1119.4623546223042,,,,,,,,,
Lang,Lang-39b,123.0,28.0,23784.0,1300.2545195918335,92.0,91.0,100.0,58.0,92.0,100.0,81.0,515.0,662.0
Lang,Lang-3b,122.0,59.0,37660.0,539.367565074108,92.0,75.0,100.0,58.0,73.0,100.0,75.0,175.0,265.0
Lang,Lang-40b,122.0,26.0,23349.0,1244.2767494577874,94.0,91.0,100.0,61.0,92.0,100.0,80.0,495.0,702.0
Lang,Lang-41b,121.0,66.0,40049.0,462.7180948093495,80.0,70.0,100.0,49.0,59.0,100.0,62.0,84.0,156.0
Lang,Lang-42b,121.0,78.0,51760.0,103.35454544474027,89.0,84.0,71.0,50.0,67.0,100.0,84.0,46.0,149.0
Lang,Lang-43b,125.0,6.0,3822.0,636.8043008314437,42.0,29.0,100.0,3.0,67.0,100.0,28.0,19.0,52.0
Lang,Lang-44b,121.0,85.0,16624.0,422.63719085286886,84.0,69.0,100.0,48.0,53.0,100.0,69.0,84.0,85.0
Lang,Lang-45b,122.0,107.0,82226.0,15.0,99.0,99.0,100.0,77.0,100.0,100.0,99.0,56.0,75.0
Lang,Lang-46b,121.0,106.0,52621.0,142.99852054632265,71.0,77.0,100.0,55.0,100.0,100.0,74.0,69.0,98.0
Lang,Lang-47b,123.0,40.0,25072.0,1329.5998069016805,95.0,91.0,100.0,14.0,49.0,100.0,86.0,320.0,865.0
Lang,Lang-49b,122.0,54.0,27582.0,288.1257901165531,94.0,90.0,100.0,50.0,84.0,100.0,90.0,111.0,265.0
Lang,Lang-4b,121.0,1878.0,570068.0,1.6428571428571428,100.0,100.0,100.0,65.0,67.0,100.0,100.0,10.0,102.0
Lang,Lang-50b,121.0,48.0,16729.0,1120.3994769238407,,,,,,,,,
Lang,Lang-51b,122.0,74.0,49760.0,320.7694441171099,95.0,81.0,100.0,71.0,84.0,100.0,81.0,126.0,205.0
Lang,Lang-52b,122.0,150.0,72914.0,92.0078306806328,69.0,82.0,100.0,53.0,100.0,100.0,80.0,53.0,71.0
Lang,Lang-53b,121.0,83.0,31731.0,141.18311159175647,97.0,92.0,100.0,52.0,53.0,100.0,90.0,83.0,180.0
Lang,Lang-54b,121.0,187.0,64299.0,113.8999990444635,88.0,80.0,100.0,32.0,10.0,100.0,80.0,14.0,51.0
Lang,Lang-55b,121.0,761.0,86927.0,14.61111111111111,98.0,97.0,100.0,66.0,50.0,100.0,97.0,19.0,65.0
Lang,Lang-56b,121.0,35.0,13114.0,1058.8392642487045,,,,,,,,,
Lang,Lang-57b,121.0,172.0,47756.0,121.23333237779684,88.0,79.0,100.0,34.0,10.0,100.0,79.0,23.0,111.0
Lang,Lang-58b,122.0,48.0,33364.0,845.4329272276048,82.0,72.0,100.0,54.0,72.0,100.0,72.0,201.0,340.0
Lang,Lang-59b,122.0,36.0,20198.0,1148.2892678634394,93.0,91.0,100.0,38.0,51.0,100.0,88.0,298.0,805.0
Lang,Lang-5b,121.0,414.0,107486.0,126.09523760123507,55.0,55.0,100.0,31.0,10.0,100.0,55.0,22.0,28.0
Lang,Lang-60b,123.0,32.0,19043.0,1248.220879813752,93.0,88.0,100.0,36.0,53.0,100.0,84.0,286.0,785.0
Lang,Lang-61b,123.0,31.0,18937.0,1298.8505240201955,92.0,91.0,100.0,19.0,53.0,100.0,86.0,294.0,815.0
Lang,Lang-62b,122.0,38.0,29096.0,292.72358974296884,79.0,71.0,100.0,42.0,75.0,97.0,71.0,40.0,129.0
Lang,Lang-63b,122.0,46.0,31059.0,344.5420711112103,68.0,73.0,100.0,15.0,48.0,100.0,73.0,41.0,79.0
Lang,Lang-64b,121.0,2776.0,456764.0,12.0,72.0,82.0,67.0,67.0,64.0,100.0,82.0,9.0,20.0
Lang,Lang-65b,121.0,89.0,27884.0,167.60104654249753,95.0,92.0,100.0,59.0,56.0,100.0,88.0,90.0,240.0
Lang,Lang-6b,121.0,455.0,139197.0,6.277777777777778,93.0,100.0,100.0,85.0,64.0,100.0,100.0,15.0,55.0
Lang,Lang-7b,122.0,53.0,34601.0,589.7482545013913,90.0,76.0,100.0,58.0,67.0,100.0,76.0,179.0,296.0
Lang,Lang-8b,121.0,63.0,21984.0,937.8305072277449,,,,,,,,,
Lang,Lang-9b,122.0,84.0,28285.0,525.6202379986103,69.0,72.0,100.0,34.0,46.0,54.0,71.0,41.0,161.0
