Project,Bugs,Runs,Avg_Time_s,Avg_Tests,Avg_Statements,Avg_Fitness,Avg_Line_Coverage,Avg_Branch_Coverage,Avg_Exception_Coverage,Avg_Mutation_Coverage,Avg_Overall_Coverage,Avg_Generation
Chart,25,26,,,,2143.7598541322654,,,,,,
Cli,39,90,,,,406.3885961455415,,,,,,
Closure,172,224,,,,2653.4991575569184,,,,,,
Codec,27,27,,,,1610.8119362269629,,,,,,
Collections,25,25,,,,1784.7850285787026,,,,,,
Compress,46,54,,,,1319.6295144010671,,,,,,
Csv,16,17,,,,532.0203285290155,,,,,,
Gson,18,21,,,,1247.6665086412577,,,,,,
JacksonCore,26,35,,,,5945.85870929898,,,,,,
JacksonDatabind,110,157,,94.0,,1017.0320163844592,,,,,,
JacksonXml,6,6,,,,1343.1800295750797,,,,,,
Jsoup,93,126,,2453.0,,1985.2458583251853,,,,,,
JxPath,22,35,,,,900.1458238648328,,,,,,
Lang,61,69,,,,2368.0666456586036,,,,,,
Math,106,106,,,,993.46487019915,,,,,,
Mockito,38,46,,,,205.84535398528402,,,,,,
Time,13,14,,,,1162.270678931877,,,,,,
