project,bug_id,method,run,line_coverage,branch_coverage,fault_detected,time_sec,test_cases,test_length,mutation_score,statements
JacksonDatabind,1,Zest,1,1.02,0.0,no,129,7,7,100.0,416850
JacksonDatabind,2,Zest,1,15.06,9.09,yes,129,6,6,88.11,496406
JacksonDatabind,3,Zest,1,20.97,0.0,no,128,15,15,86.79,477964
JacksonDatabind,4,Zest,1,17.65,0.0,no,128,14,14,86.79,410667
JacksonDatabind,5,Zest,1,10.87,5.47,no,126,6,6,93.23,484740
JacksonDatabind,6,Zest,1,61.96,50.94,no,128,64,64,60.13,363292
JacksonDatabind,7,Zest,1,15.03,8.92,no,128,6,6,87.76,449276
JacksonDatabind,8,Zest,1,19.51,4.17,no,127,5,6,84.44,541806
JacksonDatabind,9,Zest,1,40.0,16.67,no,129,12,12,85.71,395708
JacksonDatabind,10,Zest,1,8.07,1.16,yes,128,35,35,98.48,388308
JacksonDatabind,11,Zest,1,5.31,1.01,no,127,5,5,97.55,517459
JacksonDatabind,12,Zest,1,0.38,0.0,no,126,7,7,100.0,259662
JacksonDatabind,13,Zest,1,2.21,0.0,no,129,7,7,100.0,466075
JacksonDatabind,14,Zest,1,1.29,0.0,no,129,9,9,100.0,758198
JacksonDatabind,15,Zest,1,4.36,0.61,yes,128,23,23,99.21,444463
JacksonDatabind,16,Zest,1,57.14,22.22,no,127,24,24,75.0,433983
JacksonDatabind,17,Zest,1,9.25,5.21,no,128,27,27,92.92,370673
JacksonDatabind,18,Zest,1,34.41,14.55,no,128,30,30,91.04,472948
JacksonDatabind,19,Zest,1,13.75,7.76,no,127,5,5,96.11,514420
JacksonDatabind,20,Zest,1,32.26,35.71,no,129,79,79,73.68,322847
JacksonDatabind,21,Zest,1,6.43,4.71,no,128,42,42,95.83,416153
JacksonDatabind,22,Zest,1,8.14,0.71,yes,127,27,27,95.59,409886
JacksonDatabind,23,Zest,1,42.86,22.73,no,128,8,8,48.94,415422
JacksonDatabind,24,Zest,1,25.76,4.17,no,128,5,5,92.86,402702
JacksonDatabind,25,Zest,1,4.54,0.65,no,129,24,24,98.57,440300
JacksonDatabind,26,Zest,1,20.97,9.46,no,128,28,28,80.34,417482
JacksonDatabind,27,Zest,1,0.26,0.0,no,126,7,7,100.0,400699
JacksonDatabind,28,Zest,1,26.67,13.33,no,128,14,14,80.0,376540
JacksonDatabind,29,Zest,1,5.48,0.0,no,128,8,11,100.0,511128
JacksonDatabind,30,Zest,1,13.11,8.27,yes,128,65,65,89.94,311367
JacksonDatabind,31,Zest,1,0.74,0.0,no,128,12,12,99.71,653111
JacksonDatabind,32,Zest,1,11.03,4.11,no,128,25,25,87.88,418018
JacksonDatabind,33,Zest,1,6.47,4.26,no,126,45,45,95.88,402324
JacksonDatabind,34,Zest,1,55.17,41.67,no,128,15,15,78.26,380216
JacksonDatabind,35,Zest,1,5.56,0.0,no,128,7,7,100.0,450335
JacksonDatabind,36,Zest,1,54.0,42.54,yes,128,107,107,70.33,372235
JacksonDatabind,37,Zest,1,29.85,12.5,no,124,16,16,82.81,574568
JacksonDatabind,38,Zest,1,30.66,25.93,yes,127,36,37,70.3,437511
JacksonDatabind,39,Zest,1,30.77,0.0,no,128,11,11,80.0,425892
JacksonDatabind,40,Zest,1,12.11,6.72,no,127,10,10,94.85,382057
JacksonDatabind,41,Zest,1,43.44,41.47,yes,128,63,80,73.62,327628
JacksonDatabind,42,Zest,1,13.39,14.81,no,127,14,21,91.84,459107
JacksonDatabind,43,Zest,1,9.38,0.0,no,128,9,9,100.0,394698
JacksonDatabind,44,Zest,1,30.77,16.0,no,127,19,20,82.28,472042
JacksonDatabind,45,Zest,1,41.46,23.68,no,127,26,26,76.79,505180
JacksonDatabind,46,Zest,1,3.85,0.0,no,128,7,7,97.44,583598
JacksonDatabind,47,Zest,1,7.53,0.0,no,128,21,21,100.0,432917
JacksonDatabind,48,Zest,1,0.69,0.0,no,128,7,7,100.0,517345
JacksonDatabind,49,Zest,1,45.45,14.29,no,128,12,12,73.08,270735
JacksonDatabind,50,Zest,1,0.23,0.0,yes,128,7,7,100.0,414676
JacksonDatabind,51,Zest,1,2.67,0.0,no,127,6,6,100.0,497325
JacksonDatabind,52,Zest,1,0.13,0.0,no,127,5,5,100.0,406727
JacksonDatabind,53,Zest,1,37.59,31.28,yes,127,89,95,78.03,526067
JacksonDatabind,54,Zest,1,6.19,0.0,no,125,6,6,100.0,630779
JacksonDatabind,55,Zest,1,37.5,51.28,no,126,29,29,73.91,432202
JacksonDatabind,56,Zest,1,12.82,13.79,no,125,15,20,92.64,406310
JacksonDatabind,57,Zest,1,1.23,0.0,no,126,5,5,100.0,694570
JacksonDatabind,58,Zest,1,5.26,0.5,no,125,11,11,97.66,480111
JacksonDatabind,59,Zest,1,7.2,0.3,yes,127,9,9,98.13,527242
JacksonDatabind,60,Zest,1,2.01,2.7,no,127,12,12,100.0,448599
JacksonDatabind,61,Zest,1,8.48,3.63,yes,127,33,33,93.9,465375
JacksonDatabind,62,Zest,1,8.03,0.0,no,125,16,16,100.0,406918
JacksonDatabind,63,Zest,1,25.6,10.87,no,128,41,41,96.1,426431
JacksonDatabind,64,Zest,1,5.45,0.0,no,126,8,8,100.0,742424
JacksonDatabind,66,Zest,1,51.25,55.79,no,127,100,101,59.52,426660
JacksonDatabind,67,Zest,1,5.8,1.31,no,126,25,25,98.47,345408
JacksonDatabind,68,Zest,1,0.17,0.0,yes,124,5,5,100.0,378449
JacksonDatabind,69,Zest,1,5.51,0.0,no,125,8,8,97.28,494929
JacksonDatabind,70,Zest,1,5.31,4.35,no,125,20,20,99.0,432515
JacksonDatabind,71,Zest,1,52.35,57.73,no,127,94,95,54.65,390036
JacksonDatabind,72,Zest,1,4.17,0.0,no,126,8,8,100.0,459628
JacksonDatabind,73,Zest,1,0.54,0.0,no,125,10,10,100.0,488204
JacksonDatabind,74,Zest,1,9.23,0.0,no,125,14,38,100.0,451106
JacksonDatabind,75,Zest,1,8.7,4.0,yes,127,16,16,100.0,406341
JacksonDatabind,76,Zest,1,0.33,0.0,no,126,6,6,100.0,425327
JacksonDatabind,77,Zest,1,5.12,0.49,yes,125,12,12,98.65,442888
JacksonDatabind,78,Zest,1,9.04,1.42,yes,126,13,13,94.83,514628
JacksonDatabind,79,Zest,1,6.35,2.85,yes,126,46,46,96.79,399243
JacksonDatabind,80,Zest,1,14.29,10.98,no,127,34,63,89.74,391287
JacksonDatabind,81,Zest,1,6.9,5.37,yes,125,60,60,94.71,345892
JacksonDatabind,82,Zest,1,9.01,1.42,no,126,12,12,94.42,451451
JacksonDatabind,83,Zest,1,13.22,15.12,no,126,11,15,92.07,382257
JacksonDatabind,84,Zest,1,78.79,37.5,yes,126,26,87,68.18,360816
JacksonDatabind,85,Zest,1,29.03,16.67,no,127,27,27,81.69,365006
JacksonDatabind,86,Zest,1,63.64,18.75,yes,126,33,100,77.27,380547
JacksonDatabind,87,Zest,1,37.25,16.18,no,126,90,90,81.42,370905
JacksonDatabind,88,Zest,1,41.18,42.86,no,126,28,28,63.41,370633
JacksonDatabind,90,Zest,1,13.39,10.48,yes,126,26,26,80.62,451546
JacksonDatabind,91,Zest,1,11.83,2.38,no,126,18,18,96.62,399122
JacksonDatabind,92,Zest,1,9.74,0.49,no,126,10,10,91.14,510461
JacksonDatabind,93,Zest,1,66.67,0.0,no,125,11,11,46.88,475489
JacksonDatabind,94,Zest,1,57.89,0.0,no,124,11,11,55.88,489937
JacksonDatabind,95,Zest,1,35.29,32.47,yes,124,97,170,80.77,337673
JacksonDatabind,96,Zest,1,5.06,1.14,no,126,19,19,98.32,301642
JacksonDatabind,97,Zest,1,70.73,61.76,no,126,73,76,64.71,276280
JacksonDatabind,98,Zest,1,7.04,0.0,no,124,21,56,100.0,406773
JacksonDatabind,99,Zest,1,8.45,3.57,no,126,21,21,94.12,342797
JacksonDatabind,100,Zest,1,3.36,0.0,no,125,29,29,95.24,343018
JacksonDatabind,101,Zest,1,0.22,0.0,no,124,7,7,100.0,343439
JacksonDatabind,102,Zest,1,24.64,14.0,yes,126,30,30,93.1,393290
JacksonDatabind,103,Zest,1,4.41,1.58,no,125,97,97,98.66,344020
JacksonDatabind,104,Zest,1,55.44,50.38,yes,126,144,128,76.97,308491
JacksonDatabind,105,Zest,1,38.1,7.14,no,125,11,11,60.0,356723
JacksonDatabind,106,Zest,1,3.2,0.0,no,125,25,25,95.5,365715
JacksonDatabind,107,Zest,1,2.6,0.0,no,125,5,5,100.0,556379
JacksonDatabind,108,Zest,1,1.11,0.0,no,125,6,6,100.0,554832
JacksonDatabind,109,Zest,1,47.41,32.69,yes,124,31,31,56.1,298473
JacksonDatabind,110,Zest,1,23.73,0.0,no,125,4,4,92.59,549436
JacksonDatabind,111,Zest,1,2.56,0.0,yes,125,15,15,100.0,422874
JacksonDatabind,112,Zest,1,26.37,18.33,no,125,25,25,53.52,329664
