Project,Time_sec,Generations,Statements,Fitness,Line,Branch,Exception,Mutation,Output,Method,CBranch,Tests,Length,Bug_Count
Chart,196.46,311.22,103510.28,843.5943846137419,72.78,69.92,99.76,33.145833333333336,53.64,90.08,65.92,102.02,534.76,25
Cli,173.96153846153845,744.3119658119658,212610.84829059828,137.45695627413028,90.02777777777779,84.25042735042736,99.93589743589743,43.02606837606837,61.6474358974359,99.48717948717949,82.64017094017095,37.511538461538464,218.8179487179487,39
Closure,151.26075581395347,346.92936046511625,85216.37509689922,2121.2105422589652,38.192300194931775,33.09727095516569,96.45029239766082,14.633134920634921,52.26130604288498,73.94356725146199,32.44200779727095,47.53471400394477,261.1851084812623,172
Codec,121.5925925925926,311.18518518518516,104805.77777777778,525.4929480159316,82.16,77.84,99.76,48.04,62.48,96.04,73.32,113.28,202.76,27
Collections,121.68,370.08,118483.08,532.0463019096723,78.84,74.64,100.0,41.0,59.04,90.96,70.0,116.04,214.92,25
Compress,122.33695652173913,195.19099378881987,69442.9394409938,913.5891603509242,67.49223602484473,63.99534161490683,99.15217391304348,33.14751552795031,46.38198757763975,87.38198757763975,62.30124223602484,49.62732919254658,152.08695652173913,46
Csv,121.65625,214.65625,100660.46875,182.0189578350733,90.0,82.5625,100.0,47.75,69.5,99.125,81.28125,80.3125,303.125,16
Gson,122.29411764705883,394.7450980392157,47635.029411764706,865.636368160175,56.84313725490196,54.46078431372549,100.0,25.254901960784313,40.05882352941177,82.54901960784314,50.34313725490196,39.970588235294116,147.37254901960785,18
JacksonCore,121.88666666666666,126.37333333333333,58682.45333333333,3531.8562099328433,59.68,55.30666666666667,99.86,28.94,39.12,94.85333333333334,54.71333333333333,83.80666666666666,499.82666666666665,26
JacksonDatabind,135.57115384615383,409.96217948717947,131800.475,576.7048153822703,63.455769230769235,59.33910256410256,98.4974358974359,30.705194805194807,37.77051282051282,85.5974358974359,58.16089743589744,51.68205128205128,308.73269230769233,110
JacksonXml,122.33333333333333,652.0,100238.0,1134.304305321896,28.166666666666668,25.166666666666668,100.0,7.166666666666667,26.166666666666668,51.833333333333336,25.166666666666668,27.0,228.0,6
Jsoup,160.29767025089606,1181.9591397849463,149372.79964157706,1472.0050560763352,71.48243727598566,66.80250896057348,96.9820788530466,36.47844202898551,48.872401433691756,96.16863799283153,65.05645161290323,48.68888888888889,297.8182795698925,93
JxPath,122.11363636363636,647.2590909090909,161204.48333333334,615.3242836982246,65.37424242424242,62.47727272727273,98.26666666666667,38.348484848484844,42.02272727272727,96.5909090909091,61.81818181818182,43.8969696969697,219.4439393939394,22
Lang,121.59016393442623,239.29508196721312,72459.34426229508,591.9836403472286,83.23214285714286,79.125,98.76785714285714,48.92857142857143,63.482142857142854,98.17857142857143,75.98214285714286,154.67857142857142,294.625,61
Math,203.3904761904762,337.5809523809524,91345.27619047619,432.98331490712826,86.39603960396039,84.20792079207921,99.83168316831683,45.0,61.94059405940594,92.27722772277228,80.78217821782178,63.26732673267327,250.41584158415841,106
Mockito,200.75,2707.3618421052633,302225.25657894736,140.77698604699242,50.5375,47.990625,94.640625,24.129032258064516,35.765625,88.078125,47.896875,8.49375,32.24375,38
Time,121.18181818181819,166.0909090909091,57115.36363636364,401.1010266629142,,,,,,,,,,13
