Project,Bug,Time_sec,Generations,Statements,Fitness,Line,Branch,Exception,Mutation,Output,Method,CBranch,Tests,Length
Chart,Chart-10b,121.0,64.0,19801.0,580.9533034309245,67.0,70.0,100.0,34.0,38.0,54.0,69.0,45.0,173.0
Chart,Chart-11b,121.0,83.0,31996.0,53.390870382361605,89.0,94.0,100.0,66.0,67.0,100.0,71.0,55.0,84.0
Chart,Chart-12b,121.0,68.0,27436.0,42.4057248842756,86.0,91.0,100.0,54.0,64.0,100.0,88.0,57.0,86.0
Chart,Chart-13b,121.0,34.0,10623.0,36.53333333333333,78.0,71.0,100.0,20.0,56.0,100.0,71.0,17.0,38.0
Chart,Chart-14b,123.0,21.0,23544.0,1844.9993830912608,90.0,87.0,100.0,20.0,88.0,100.0,77.0,238.0,4091.0
Chart,Chart-15b,121.0,112.0,78429.0,1154.2159722194283,47.0,43.0,94.0,27.0,52.0,93.0,17.0,43.0,190.0
Chart,Chart-16b,122.0,54.0,34196.0,591.4330803449208,89.0,75.0,100.0,56.0,66.0,100.0,75.0,176.0,285.0
Chart,Chart-17b,121.0,1179.0,340455.0,6.257575757575758,94.0,100.0,100.0,46.0,64.0,100.0,100.0,17.0,65.0
Chart,Chart-18b,121.5,98.5,31578.0,125.88560150375939,94.5,86.0,100.0,63.5,25.0,100.0,86.0,51.5,192.0
Chart,Chart-19b,121.0,460.0,189700.0,93.35,48.0,58.0,100.0,10.0,33.0,100.0,58.0,9.0,49.0
Chart,Chart-1b,121.0,73.0,42971.0,1496.0386815920397,42.0,42.0,100.0,9.0,21.0,88.0,42.0,88.0,295.0
Chart,Chart-20b,123.0,21.0,19055.0,1986.034779574938,90.0,87.0,100.0,36.0,89.0,100.0,75.0,548.0,738.0
Chart,Chart-21b,121.0,63.0,17151.0,312.056377641437,94.0,87.0,100.0,48.0,47.0,100.0,86.0,131.0,294.0
Chart,Chart-22b,121.0,58.0,23479.0,246.73996303175517,97.0,90.0,100.0,54.0,83.0,100.0,89.0,90.0,231.0
Chart,Chart-23b,121.0,258.0,59745.0,524.1812572590012,51.0,41.0,100.0,8.0,67.0,100.0,40.0,28.0,67.0
Chart,Chart-24b,121.0,63.0,36163.0,661.0319442497976,86.0,71.0,100.0,55.0,67.0,100.0,71.0,172.0,268.0
Chart,Chart-25b,121.0,331.0,164656.0,527.950699745547,25.0,21.0,100.0,10.0,75.0,100.0,21.0,18.0,129.0
Chart,Chart-26b,124.0,35.0,10747.0,1145.6270229700428,79.0,74.0,100.0,18.0,39.0,51.0,72.0,88.0,235.0
Chart,Chart-2b,1738.0,56.0,38728.0,2222.9131787793526,61.0,57.0,100.0,,24.0,100.0,49.0,130.0,3679.0
Chart,Chart-3b,124.0,81.0,36029.0,478.5041952605411,85.0,73.0,100.0,43.0,42.0,100.0,68.0,115.0,507.0
Chart,Chart-4b,373.0,21.0,11018.0,5206.671440743767,45.0,37.0,100.0,12.0,16.0,82.0,31.0,226.0,785.0
Chart,Chart-5b,121.0,128.0,57458.0,111.11458333333333,94.0,96.0,100.0,46.0,38.0,100.0,95.0,81.0,385.0
Chart,Chart-6b,123.0,4299.0,1240553.0,111.19444444444444,41.0,53.0,100.0,13.0,83.0,100.0,53.0,9.0,29.0
Chart,Chart-8b,125.0,61.0,22608.0,994.3693414945906,71.0,71.0,100.0,12.0,56.0,34.0,71.0,80.0,317.0
Chart,Chart-9b,121.0,59.0,19638.0,536.0068602751176,76.0,73.0,100.0,35.0,41.0,50.0,73.0,38.0,157.0
