project,line_coverage,condition_coverage,compile_rate,fault_detected,tokens_used,refinement_rounds,bug_count
Chart,84.065,67.682,75.0,0.75,15852.3,0.35,20
Cli,32.35333333333333,29.366666666666664,42.857142857142854,0.42857142857142855,13208.0,0.8571428571428571,7
Closure,62.361805555555556,50.38583333333334,20.202020202020204,0.18787878787878787,22753.958080808083,0.8055555555555555,165
Codec,88.35916666666667,80.5584375,88.88888888888889,0.8333333333333334,14489.833333333334,0.21296296296296294,18
Collections,90.08478260869565,85.59739130434782,82.14285714285714,0.8214285714285714,14537.214285714286,0.2857142857142857,28
Compress,85.18941176470588,77.35573529411764,72.82608695652173,0.717391304347826,15386.394565217392,0.3695652173913043,46
Csv,90.73833333333333,81.01,75.0,0.75,13313.5625,0.25,16
Gson,78.35666666666667,71.38777777777779,47.22222222222222,0.5,13555.87037037037,0.2314814814814815,18
JacksonCore,75.9609090909091,63.42454545454545,42.0,0.4,25231.286666666667,0.5333333333333333,25
JacksonDatabind,78.37261904761905,74.55214285714285,38.541666666666664,0.4375,19547.732638888887,0.6649305555555556,48
JacksonXml,63.6,53.39666666666667,50.0,0.3333333333333333,16343.666666666666,0.6666666666666666,6
Jsoup,86.286171875,75.59015625,66.66666666666667,0.7111111111111111,14865.24037037037,0.36666666666666664,90
JxPath,46.620769230769234,40.809615384615384,56.81818181818182,0.5,18033.113636363636,0.7727272727272727,22
Lang,87.24470588235295,78.58196078431372,85.0,0.85,22606.616666666665,0.18333333333333332,60
Math,88.09633116883116,80.6275974025974,81.79723502304147,0.8279569892473119,14037.57142857143,0.25806451612903225,93
Mockito,90.57529411764706,81.32823529411765,42.10526315789474,0.4473684210526316,11951.81842105263,0.6447368421052632,38
Time,67.5175,53.9753125,58.66666666666667,0.64,22768.34,0.64,25
