project,bug_id,class_name,model,compile_ok,line_total,line_covered,line_coverage,condition_total,condition_covered,condition_coverage,refinement_rounds,tokens_used,fault_detected,output_path,coverage_source,ai_tests_run
Closure,1,com.google.javascript.jscomp.RemoveUnusedVars,deepseek-v4-flash,False,0,0,N/A,0,0,N/A,1,52756,False,/home/pilaiphon/SQA_deepseek2/ai_pipeline/results/deepseek-v4-flash/Closure/1b/RemoveUnusedVars/RemoveUnusedVarsTest.java,AI-generated test suite via defects4j -s archive (dev tests untouched),com/google/javascript/jscomp/RemoveUnusedVarsTest.java
Closure,2,com.google.javascript.jscomp.TypeCheck,deepseek-v4-flash,False,0,0,N/A,0,0,N/A,1,46635,False,/home/pilaiphon/SQA_deepseek2/ai_pipeline/results/deepseek-v4-flash/Closure/2b/TypeCheck/TypeCheckTest.java,AI-generated test suite via defects4j -s archive (dev tests untouched),com/google/javascript/jscomp/TypeCheckTest.java
Closure,3,com.google.javascript.jscomp.FlowSensitiveInlineVariables,deepseek-v4-flash,True,176,155,88.07,127,91,71.65,0,12156,True,/home/pilaiphon/SQA_deepseek2/ai_pipeline/results/deepseek-v4-flash/Closure/3b/FlowSensitiveInlineVariables/FlowSensitiveInlineVariablesTest.java,AI-generated test suite via defects4j -s archive (dev tests untouched),com/google/javascript/jscomp/FlowSensitiveInlineVariablesTest.java
Closure,4,com.google.javascript.rhino.jstype.NamedType,deepseek-v4-flash,False,0,0,N/A,0,0,N/A,1,69244,False,/home/pilaiphon/SQA_deepseek2/ai_pipeline/results/deepseek-v4-flash/Closure/4b/NamedType/NamedTypeTest.java,AI-generated test suite via defects4j -s archive (dev tests untouched),com/google/javascript/rhino/jstype/NamedTypeTest.java
Closure,5,com.google.javascript.jscomp.InlineObjectLiterals,deepseek-v4-flash,True,181,8,4.42,108,0,0.00,1,26363,False,/home/pilaiphon/SQA_deepseek2/ai_pipeline/results/deepseek-v4-flash/Closure/5b/InlineObjectLiterals/InlineObjectLiteralsTest.java,AI-generated test suite via defects4j -s archive (dev tests untouched),com/google/javascript/jscomp/InlineObjectLiteralsTest.java
Closure,6,com.google.javascript.jscomp.TypeValidator,deepseek-v4-flash,False,0,0,N/A,0,0,N/A,1,58757,False,/home/pilaiphon/SQA_deepseek2/ai_pipeline/results/deepseek-v4-flash/Closure/6b/TypeValidator/TypeValidatorTest.java,AI-generated test suite via defects4j -s archive (dev tests untouched),com/google/javascript/jscomp/TypeValidatorTest.java
Closure,7,com.google.javascript.jscomp.type.ChainableReverseAbstractInterpreter,deepseek-v4-flash,False,0,0,N/A,0,0,N/A,1,28163,False,/home/pilaiphon/SQA_deepseek2/ai_pipeline/results/deepseek-v4-flash/Closure/7b/ChainableReverseAbstractInterpreter/ChainableReverseAbstractInterpreterTest.java,AI-generated test suite via defects4j -s archive (dev tests untouched),com/google/javascript/jscomp/type/ChainableReverseAbstractInterpreterTest.java
Closure,8,com.google.javascript.jscomp.CollapseVariableDeclarations,deepseek-v4-flash,True,84,73,86.90,52,40,76.92,0,12921,True,/home/pilaiphon/SQA_deepseek2/ai_pipeline/results/deepseek-v4-flash/Closure/8b/CollapseVariableDeclarations/CollapseVariableDeclarationsTest.java,AI-generated test suite via defects4j -s archive (dev tests untouched),com/google/javascript/jscomp/CollapseVariableDeclarationsTest.java
Closure,9,com.google.javascript.jscomp.ProcessCommonJSModules,deepseek-v4-flash,False,0,0,N/A,0,0,N/A,1,18976,False,/home/pilaiphon/SQA_deepseek2/ai_pipeline/results/deepseek-v4-flash/Closure/9b/ProcessCommonJSModules/ProcessCommonJSModulesTest.java,AI-generated test suite via defects4j -s archive (dev tests untouched),com/google/javascript/jscomp/ProcessCommonJSModulesTest.java
Closure,10,com.google.javascript.jscomp.NodeUtil,deepseek-v4-flash,True,1032,128,12.40,1028,98,9.53,1,64073,True,/home/pilaiphon/SQA_deepseek2/ai_pipeline/results/deepseek-v4-flash/Closure/10b/NodeUtil/NodeUtilTest.java,AI-generated test suite via defects4j -s archive (dev tests untouched),com/google/javascript/jscomp/NodeUtilTest.java
Closure,11,com.google.javascript.jscomp.TypeCheck,deepseek-v4-flash,False,0,0,N/A,0,0,N/A,1,43533,False,/home/pilaiphon/SQA_deepseek2/ai_pipeline/results/deepseek-v4-flash/Closure/11b/TypeCheck/TypeCheckTest.java,AI-generated test suite via defects4j -s archive (dev tests untouched),com/google/javascript/jscomp/TypeCheckTest.java
Closure,12,com.google.javascript.jscomp.MaybeReachingVariableUse,deepseek-v4-flash,False,0,0,N/A,0,0,N/A,1,43884,False,/home/pilaiphon/SQA_deepseek2/ai_pipeline/results/deepseek-v4-flash/Closure/12b/MaybeReachingVariableUse/MaybeReachingVariableUseTest.java,AI-generated test suite via defects4j -s archive (dev tests untouched),com/google/javascript/jscomp/MaybeReachingVariableUseTest.java
Closure,13,com.google.javascript.jscomp.PeepholeOptimizationsPass,deepseek-v4-flash,False,0,0,N/A,0,0,N/A,1,12715,False,/home/pilaiphon/SQA_deepseek2/ai_pipeline/results/deepseek-v4-flash/Closure/13b/PeepholeOptimizationsPass/PeepholeOptimizationsPassTest.java,AI-generated test suite via defects4j -s archive (dev tests untouched),com/google/javascript/jscomp/PeepholeOptimizationsPassTest.java
Closure,15,com.google.javascript.jscomp.FlowSensitiveInlineVariables,deepseek-v4-flash,False,0,0,N/A,0,0,N/A,1,23478,False,/home/pilaiphon/SQA_deepseek2/ai_pipeline/results/deepseek-v4-flash/Closure/15b/FlowSensitiveInlineVariables/FlowSensitiveInlineVariablesTest.java,AI-generated test suite via defects4j -s archive (dev tests untouched),com/google/javascript/jscomp/FlowSensitiveInlineVariablesTest.java
Closure,17,com.google.javascript.jscomp.TypedScopeCreator,deepseek-v4-flash,False,0,0,N/A,0,0,N/A,1,27461,False,/home/pilaiphon/SQA_deepseek2/ai_pipeline/results/deepseek-v4-flash/Closure/17b/TypedScopeCreator/TypedScopeCreatorTest.java,AI-generated test suite via defects4j -s archive (dev tests untouched),com/google/javascript/jscomp/TypedScopeCreatorTest.java
Closure,28,com.google.javascript.jscomp.InlineCostEstimator,deepseek-v4-flash,False,0,0,N/A,0,0,N/A,1,19796,False,/home/pilaiphon/SQA_deepseek2/ai_pipeline/results/deepseek-v4-flash/Closure/28b/InlineCostEstimator/InlineCostEstimatorTest.java,AI-generated test suite via defects4j -s archive (dev tests untouched),com/google/javascript/jscomp/InlineCostEstimatorTest.java
Closure,29,com.google.javascript.jscomp.InlineObjectLiterals,deepseek-v4-flash,False,0,0,N/A,0,0,N/A,1,42146,False,/home/pilaiphon/SQA_deepseek2/ai_pipeline/results/deepseek-v4-flash/Closure/29b/InlineObjectLiterals/InlineObjectLiteralsTest.java,AI-generated test suite via defects4j -s archive (dev tests untouched),com/google/javascript/jscomp/InlineObjectLiteralsTest.java
Closure,30,com.google.javascript.jscomp.FlowSensitiveInlineVariables,deepseek-v4-flash,True,331,254,76.74,222,136,61.26,0,19006,False,/home/pilaiphon/SQA_deepseek2/ai_pipeline/results/deepseek-v4-flash/Closure/30b/FlowSensitiveInlineVariables/FlowSensitiveInlineVariablesTest.java,AI-generated test suite via defects4j -s archive (dev tests untouched),com/google/javascript/jscomp/FlowSensitiveInlineVariablesTest.java
Closure,30,com.google.javascript.jscomp.MustBeReachingVariableDef,deepseek-v4-flash,False,0,0,N/A,0,0,N/A,1,45099,False,/home/pilaiphon/SQA_deepseek2/ai_pipeline/results/deepseek-v4-flash/Closure/30b/MustBeReachingVariableDef/MustBeReachingVariableDefTest.java,AI-generated test suite via defects4j -s archive (dev tests untouched),com/google/javascript/jscomp/MustBeReachingVariableDefTest.java
Closure,31,com.google.javascript.jscomp.Compiler,deepseek-v4-flash,False,0,0,N/A,0,0,N/A,1,44323,False,/home/pilaiphon/SQA_deepseek2/ai_pipeline/results/deepseek-v4-flash/Closure/31b/Compiler/CompilerTest.java,AI-generated test suite via defects4j -s archive (dev tests untouched),com/google/javascript/jscomp/CompilerTest.java
Closure,32,com.google.javascript.jscomp.parsing.JsDocInfoParser,deepseek-v4-flash,failed_generation,Unbalanced braces,False,,,N/A,,,N/A,0,24490,False,,No valid AI test generated,
Closure,33,com.google.javascript.rhino.jstype.PrototypeObjectType,deepseek-v4-flash,False,0,0,N/A,0,0,N/A,1,24474,False,/home/pilaiphon/SQA_deepseek2/ai_pipeline/results/deepseek-v4-flash/Closure/33b/PrototypeObjectType/PrototypeObjectTypeTest.java,AI-generated test suite via defects4j -s archive (dev tests untouched),com/google/javascript/rhino/jstype/PrototypeObjectTypeTest.java
Closure,34,com.google.javascript.jscomp.CodeGenerator,deepseek-v4-flash,False,0,0,N/A,0,0,N/A,1,55010,False,/home/pilaiphon/SQA_deepseek2/ai_pipeline/results/deepseek-v4-flash/Closure/34b/CodeGenerator/CodeGeneratorTest.java,AI-generated test suite via defects4j -s archive (dev tests untouched),com/google/javascript/jscomp/CodeGeneratorTest.java
Closure,34,com.google.javascript.jscomp.CodePrinter,deepseek-v4-flash,failed_generation,Unbalanced braces,False,,,N/A,,,N/A,0,79711,False,,No valid AI test generated,
Closure,35,com.google.javascript.jscomp.TypeInference,deepseek-v4-flash,True,628,0,0.00,422,0,0.00,1,46807,True,/home/pilaiphon/SQA_deepseek2/ai_pipeline/results/deepseek-v4-flash/Closure/35b/TypeInference/TypeInferenceTest.java,AI-generated test suite via defects4j -s archive (dev tests untouched),com/google/javascript/jscomp/TypeInferenceTest.java
Closure,36,com.google.javascript.jscomp.InlineVariables,deepseek-v4-flash,True,289,162,56.06,232,101,43.53,1,58229,True,/home/pilaiphon/SQA_deepseek2/ai_pipeline/results/deepseek-v4-flash/Closure/36b/InlineVariables/InlineVariablesTest.java,AI-generated test suite via defects4j -s archive (dev tests untouched),com/google/javascript/jscomp/InlineVariablesTest.java
Closure,37,com.google.javascript.jscomp.NodeTraversal,deepseek-v4-flash,True,832,65,7.81,385,17,4.42,1,30366,False,/home/pilaiphon/SQA_deepseek2/ai_pipeline/results/deepseek-v4-flash/Closure/37b/NodeTraversal/NodeTraversalTest.java,AI-generated test suite via defects4j -s archive (dev tests untouched),com/google/javascript/jscomp/NodeTraversalTest.java
Closure,37,com.google.javascript.jscomp.parsing.IRFactory,deepseek-v4-flash,False,0,0,N/A,0,0,N/A,0,59430,False,/home/pilaiphon/SQA_deepseek2/ai_pipeline/results/deepseek-v4-flash/Closure/37b/IRFactory/IRFactoryTest.java,AI-generated test suite via defects4j -s archive (dev tests untouched),com/google/javascript/jscomp/parsing/IRFactoryTest.java
