project,bug_id,line_total,line_covered,line_coverage,condition_total,condition_covered,condition_coverage,refinement_rounds,tokens_used,compile_rate,fault_detected
Collections,1,491.0,424.0,86.35,376.0,264.0,70.21,1.0,25236.0,100.0,1
Collections,10,119.0,111.0,93.28,48.0,44.0,91.67,0.0,7919.0,100.0,1
Collections,11,35.0,35.0,100.0,12.0,12.0,100.0,0.0,5758.0,100.0,1
Collections,12,489.0,353.0,72.19,278.0,164.0,58.99,0.0,20576.0,100.0,1
Collections,13,490.0,355.0,72.45,278.0,152.0,54.68,0.0,19434.0,100.0,1
Collections,14,18.0,18.0,100.0,2.0,2.0,100.0,0.0,6144.0,100.0,1
Collections,15,86.0,85.0,98.84,22.0,21.0,95.45,0.0,7688.0,100.0,1
Collections,16,86.0,82.0,95.35,22.0,22.0,100.0,0.0,8014.0,100.0,1
Collections,17,14.0,14.0,100.0,4.0,4.0,100.0,0.0,4652.0,100.0,1
Collections,18,93.0,89.0,95.7,36.0,35.0,97.22,0.0,8972.0,100.0,1
Collections,19,109.0,98.0,89.91,38.0,36.0,94.74,0.0,8847.0,100.0,1
Collections,2,465.0,357.0,76.77,268.0,171.0,63.81,0.0,18312.0,100.0,1
Collections,20,293.0,247.0,84.3,154.0,119.0,77.27,0.0,12523.0,100.0,1
Collections,21,109.0,105.0,96.33,38.0,38.0,100.0,0.0,9652.0,100.0,1
Collections,22,0.0,0.0,,0.0,0.0,,1.0,22775.0,0.0,0
Collections,23,34.0,33.0,97.06,2.0,2.0,100.0,0.0,5680.0,100.0,1
Collections,24,26.0,26.0,100.0,12.0,12.0,100.0,0.0,6085.0,100.0,1
Collections,25,0.0,0.0,,0.0,0.0,,1.0,30835.0,0.0,0
Collections,26,37.0,37.0,100.0,12.0,12.0,100.0,0.0,6294.0,100.0,1
Collections,27,0.0,0.0,,0.0,0.0,,1.0,16632.0,0.0,0
Collections,28,0.0,0.0,,0.0,0.0,,1.0,33504.0,0.0,0
Collections,3,0.0,0.0,,0.0,0.0,,1.0,29041.0,0.0,0
Collections,4,111.0,110.0,99.1,48.0,44.0,91.67,0.0,10059.0,100.0,1
Collections,5,82.0,77.0,93.9,20.0,20.0,100.0,0.0,8359.0,100.0,1
Collections,6,495.0,378.0,76.36,376.0,230.0,61.17,1.0,28019.0,100.0,1
Collections,7,483.0,323.0,66.87,280.0,147.0,52.5,1.0,19380.0,100.0,1
Collections,8,88.0,88.0,100.0,36.0,35.0,97.22,0.0,6584.0,100.0,1
Collections,9,491.0,379.0,77.19,280.0,174.0,62.14,0.0,20068.0,100.0,1
