project,bug_id,class_name,model,compile_ok,line_total,line_covered,line_coverage,condition_total,condition_covered,condition_coverage,refinement_rounds,tokens_used,fault_detected,output_path,coverage_source,ai_tests_run
JacksonDatabind,2,com.fasterxml.jackson.databind.util.TokenBuffer,deepseek-v4-flash,False,0,0,N/A,0,0,N/A,1,18143,False,/mnt/d/project-sqa/results/deepseek-v4-flash/JacksonDatabind/2b/TokenBuffer/TokenBufferTest.java,AI-generated test suite via defects4j -s archive (dev tests untouched),com/fasterxml/jackson/databind/util/TokenBufferTest.java
JacksonDatabind,3,com.fasterxml.jackson.databind.deser.std.StringArrayDeserializer,deepseek-v4-flash,False,0,0,N/A,0,0,N/A,1,9844,False,/mnt/d/project-sqa/results/deepseek-v4-flash/JacksonDatabind/3b/StringArrayDeserializer/StringArrayDeserializerTest.java,AI-generated test suite via defects4j -s archive (dev tests untouched),com/fasterxml/jackson/databind/deser/std/StringArrayDeserializerTest.java
JacksonDatabind,6,com.fasterxml.jackson.databind.util.StdDateFormat,deepseek-v4-flash,True,149,126,84.56,94,69,73.40,0,9386,True,/mnt/d/project-sqa/results/deepseek-v4-flash/JacksonDatabind/6b/StdDateFormat/StdDateFormatTest.java,AI-generated test suite via defects4j -s archive (dev tests untouched),com/fasterxml/jackson/databind/util/StdDateFormatTest.java
JacksonDatabind,7,com.fasterxml.jackson.databind.util.TokenBuffer,deepseek-v4-flash,False,0,0,N/A,0,0,N/A,1,16908,False,/mnt/d/project-sqa/results/deepseek-v4-flash/JacksonDatabind/7b/TokenBuffer/TokenBufferTest.java,AI-generated test suite via defects4j -s archive (dev tests untouched),com/fasterxml/jackson/databind/util/TokenBufferTest.java
JacksonDatabind,10,com.fasterxml.jackson.databind.ser.AnyGetterWriter,deepseek-v4-flash,False,0,0,N/A,0,0,N/A,1,15305,False,/mnt/d/project-sqa/results/deepseek-v4-flash/JacksonDatabind/10b/AnyGetterWriter/AnyGetterWriterTest.java,AI-generated test suite via defects4j -s archive (dev tests untouched),com/fasterxml/jackson/databind/ser/AnyGetterWriterTest.java
JacksonDatabind,10,com.fasterxml.jackson.databind.ser.BeanSerializerFactory,deepseek-v4-flash,False,0,0,N/A,0,0,N/A,1,29394,False,/mnt/d/project-sqa/results/deepseek-v4-flash/JacksonDatabind/10b/BeanSerializerFactory/BeanSerializerFactoryTest.java,AI-generated test suite via defects4j -s archive (dev tests untouched),com/fasterxml/jackson/databind/ser/BeanSerializerFactoryTest.java
JacksonDatabind,11,com.fasterxml.jackson.databind.type.TypeFactory,deepseek-v4-flash,False,0,0,N/A,0,0,N/A,1,14501,False,/mnt/d/project-sqa/results/deepseek-v4-flash/JacksonDatabind/11b/TypeFactory/TypeFactoryTest.java,AI-generated test suite via defects4j -s archive (dev tests untouched),com/fasterxml/jackson/databind/type/TypeFactoryTest.java
JacksonDatabind,13,com.fasterxml.jackson.databind.deser.impl.ObjectIdValueProperty,deepseek-v4-flash,False,0,0,N/A,0,0,N/A,1,9469,False,/mnt/d/project-sqa/results/deepseek-v4-flash/JacksonDatabind/13b/ObjectIdValueProperty/ObjectIdValuePropertyTest.java,AI-generated test suite via defects4j -s archive (dev tests untouched),com/fasterxml/jackson/databind/deser/impl/ObjectIdValuePropertyTest.java
JacksonDatabind,14,com.fasterxml.jackson.databind.ObjectReader,deepseek-v4-flash,False,0,0,N/A,0,0,N/A,1,27020,False,/mnt/d/project-sqa/results/deepseek-v4-flash/JacksonDatabind/14b/ObjectReader/ObjectReaderTest.java,AI-generated test suite via defects4j -s archive (dev tests untouched),com/fasterxml/jackson/databind/ObjectReaderTest.java
JacksonDatabind,15,com.fasterxml.jackson.databind.ser.BeanSerializerFactory,deepseek-v4-flash,False,0,0,N/A,0,0,N/A,1,19809,False,/mnt/d/project-sqa/results/deepseek-v4-flash/JacksonDatabind/15b/BeanSerializerFactory/BeanSerializerFactoryTest.java,AI-generated test suite via defects4j -s archive (dev tests untouched),com/fasterxml/jackson/databind/ser/BeanSerializerFactoryTest.java
JacksonDatabind,17,com.fasterxml.jackson.databind.ObjectMapper,deepseek-v4-flash,True,638,151,23.67,192,44,22.92,1,33612,True,/mnt/d/project-sqa/results/deepseek-v4-flash/JacksonDatabind/17b/ObjectMapper/ObjectMapperTest.java,AI-generated test suite via defects4j -s archive (dev tests untouched),com/fasterxml/jackson/databind/ObjectMapperTest.java
JacksonDatabind,18,com.fasterxml.jackson.databind.MappingIterator,deepseek-v4-flash,False,0,0,N/A,0,0,N/A,1,14465,False,/mnt/d/project-sqa/results/deepseek-v4-flash/JacksonDatabind/18b/MappingIterator/MappingIteratorTest.java,AI-generated test suite via defects4j -s archive (dev tests untouched),com/fasterxml/jackson/databind/MappingIteratorTest.java
JacksonDatabind,19,com.fasterxml.jackson.databind.type.TypeFactory,deepseek-v4-flash,False,0,0,N/A,0,0,N/A,1,24423,False,/mnt/d/project-sqa/results/deepseek-v4-flash/JacksonDatabind/19b/TypeFactory/TypeFactoryTest.java,AI-generated test suite via defects4j -s archive (dev tests untouched),com/fasterxml/jackson/databind/type/TypeFactoryTest.java
JacksonDatabind,20,com.fasterxml.jackson.databind.node.ObjectNode,deepseek-v4-flash,False,0,0,N/A,0,0,N/A,1,13571,False,/mnt/d/project-sqa/results/deepseek-v4-flash/JacksonDatabind/20b/ObjectNode/ObjectNodeTest.java,AI-generated test suite via defects4j -s archive (dev tests untouched),com/fasterxml/jackson/databind/node/ObjectNodeTest.java
JacksonDatabind,25,com.fasterxml.jackson.databind.deser.BasicDeserializerFactory,deepseek-v4-flash,False,0,0,N/A,0,0,N/A,1,27750,False,/mnt/d/project-sqa/results/deepseek-v4-flash/JacksonDatabind/25b/BasicDeserializerFactory/BasicDeserializerFactoryTest.java,AI-generated test suite via defects4j -s archive (dev tests untouched),com/fasterxml/jackson/databind/deser/BasicDeserializerFactoryTest.java
JacksonDatabind,25,com.fasterxml.jackson.databind.deser.DeserializerCache,deepseek-v4-flash,False,0,0,N/A,0,0,N/A,1,41893,False,/mnt/d/project-sqa/results/deepseek-v4-flash/JacksonDatabind/25b/DeserializerCache/DeserializerCacheTest.java,AI-generated test suite via defects4j -s archive (dev tests untouched),com/fasterxml/jackson/databind/deser/DeserializerCacheTest.java
JacksonDatabind,27,com.fasterxml.jackson.databind.deser.BeanDeserializer,deepseek-v4-flash,True,392,146,37.24,222,81,36.49,1,23667,True,/mnt/d/project-sqa/results/deepseek-v4-flash/JacksonDatabind/27b/BeanDeserializer/BeanDeserializerTest.java,AI-generated test suite via defects4j -s archive (dev tests untouched),com/fasterxml/jackson/databind/deser/BeanDeserializerTest.java
JacksonDatabind,28,com.fasterxml.jackson.databind.deser.std.JsonNodeDeserializer,deepseek-v4-flash,False,0,0,N/A,0,0,N/A,1,8380,False,/mnt/d/project-sqa/results/deepseek-v4-flash/JacksonDatabind/28b/JsonNodeDeserializer/JsonNodeDeserializerTest.java,AI-generated test suite via defects4j -s archive (dev tests untouched),com/fasterxml/jackson/databind/deser/std/JsonNodeDeserializerTest.java
JacksonDatabind,30,com.fasterxml.jackson.databind.ObjectMapper,deepseek-v4-flash,False,0,0,N/A,0,0,N/A,1,50120,False,/mnt/d/project-sqa/results/deepseek-v4-flash/JacksonDatabind/30b/ObjectMapper/ObjectMapperTest.java,AI-generated test suite via defects4j -s archive (dev tests untouched),com/fasterxml/jackson/databind/ObjectMapperTest.java
JacksonDatabind,30,com.fasterxml.jackson.databind.util.TokenBuffer,deepseek-v4-flash,False,0,0,N/A,0,0,N/A,1,69343,False,/mnt/d/project-sqa/results/deepseek-v4-flash/JacksonDatabind/30b/TokenBuffer/TokenBufferTest.java,AI-generated test suite via defects4j -s archive (dev tests untouched),com/fasterxml/jackson/databind/util/TokenBufferTest.java
JacksonDatabind,32,com.fasterxml.jackson.databind.deser.std.UntypedObjectDeserializer,deepseek-v4-flash,True,262,110,41.98,145,45,31.03,1,18494,True,/mnt/d/project-sqa/results/deepseek-v4-flash/JacksonDatabind/32b/UntypedObjectDeserializer/UntypedObjectDeserializerTest.java,AI-generated test suite via defects4j -s archive (dev tests untouched),com/fasterxml/jackson/databind/deser/std/UntypedObjectDeserializerTest.java
JacksonDatabind,36,com.fasterxml.jackson.databind.util.StdDateFormat,deepseek-v4-flash,True,193,136,70.47,130,72,55.38,0,11117,True,/mnt/d/project-sqa/results/deepseek-v4-flash/JacksonDatabind/36b/StdDateFormat/StdDateFormatTest.java,AI-generated test suite via defects4j -s archive (dev tests untouched),com/fasterxml/jackson/databind/util/StdDateFormatTest.java
JacksonDatabind,37,com.fasterxml.jackson.databind.type.SimpleType,deepseek-v4-flash,True,67,48,71.64,32,22,68.75,0,11053,True,/mnt/d/project-sqa/results/deepseek-v4-flash/JacksonDatabind/37b/SimpleType/SimpleTypeTest.java,AI-generated test suite via defects4j -s archive (dev tests untouched),com/fasterxml/jackson/databind/type/SimpleTypeTest.java
JacksonDatabind,38,com.fasterxml.jackson.databind.type.CollectionType,deepseek-v4-flash,False,0,0,N/A,0,0,N/A,1,13719,False,/mnt/d/project-sqa/results/deepseek-v4-flash/JacksonDatabind/38b/CollectionType/CollectionTypeTest.java,AI-generated test suite via defects4j -s archive (dev tests untouched),com/fasterxml/jackson/databind/type/CollectionTypeTest.java
JacksonDatabind,38,com.fasterxml.jackson.databind.type.MapType,deepseek-v4-flash,False,0,0,N/A,0,0,N/A,1,28587,False,/mnt/d/project-sqa/results/deepseek-v4-flash/JacksonDatabind/38b/MapType/MapTypeTest.java,AI-generated test suite via defects4j -s archive (dev tests untouched),com/fasterxml/jackson/databind/type/MapTypeTest.java
JacksonDatabind,39,com.fasterxml.jackson.databind.deser.std.NullifyingDeserializer,deepseek-v4-flash,False,0,0,N/A,0,0,N/A,1,4273,False,/mnt/d/project-sqa/results/deepseek-v4-flash/JacksonDatabind/39b/NullifyingDeserializer/NullifyingDeserializerTest.java,AI-generated test suite via defects4j -s archive (dev tests untouched),com/fasterxml/jackson/databind/deser/std/NullifyingDeserializerTest.java
JacksonDatabind,43,com.fasterxml.jackson.databind.deser.impl.ObjectIdValueProperty,deepseek-v4-flash,True,32,0,0.00,6,0,0.00,1,6678,True,/mnt/d/project-sqa/results/deepseek-v4-flash/JacksonDatabind/43b/ObjectIdValueProperty/ObjectIdValuePropertyTest.java,AI-generated test suite via defects4j -s archive (dev tests untouched),com/fasterxml/jackson/databind/deser/impl/ObjectIdValuePropertyTest.java
JacksonDatabind,44,com.fasterxml.jackson.databind.type.SimpleType,deepseek-v4-flash,False,0,0,N/A,0,0,N/A,1,18167,False,/mnt/d/project-sqa/results/deepseek-v4-flash/JacksonDatabind/44b/SimpleType/SimpleTypeTest.java,AI-generated test suite via defects4j -s archive (dev tests untouched),com/fasterxml/jackson/databind/type/SimpleTypeTest.java
JacksonDatabind,47,com.fasterxml.jackson.databind.AnnotationIntrospector,deepseek-v4-flash,False,0,0,N/A,0,0,N/A,1,17271,False,/mnt/d/project-sqa/results/deepseek-v4-flash/JacksonDatabind/47b/AnnotationIntrospector/AnnotationIntrospectorTest.java,AI-generated test suite via defects4j -s archive (dev tests untouched),com/fasterxml/jackson/databind/AnnotationIntrospectorTest.java
JacksonDatabind,48,com.fasterxml.jackson.databind.SerializationConfig,deepseek-v4-flash,False,0,0,N/A,0,0,N/A,1,19942,False,/mnt/d/project-sqa/results/deepseek-v4-flash/JacksonDatabind/48b/SerializationConfig/SerializationConfigTest.java,AI-generated test suite via defects4j -s archive (dev tests untouched),com/fasterxml/jackson/databind/SerializationConfigTest.java
JacksonDatabind,50,com.fasterxml.jackson.databind.deser.BeanDeserializer,deepseek-v4-flash,False,0,0,N/A,0,0,N/A,1,21856,False,/mnt/d/project-sqa/results/deepseek-v4-flash/JacksonDatabind/50b/BeanDeserializer/BeanDeserializerTest.java,AI-generated test suite via defects4j -s archive (dev tests untouched),com/fasterxml/jackson/databind/deser/BeanDeserializerTest.java
JacksonDatabind,54,com.fasterxml.jackson.databind.ser.PropertyBuilder,deepseek-v4-flash,False,0,0,N/A,0,0,N/A,1,28893,False,/mnt/d/project-sqa/results/deepseek-v4-flash/JacksonDatabind/54b/PropertyBuilder/PropertyBuilderTest.java,AI-generated test suite via defects4j -s archive (dev tests untouched),com/fasterxml/jackson/databind/ser/PropertyBuilderTest.java
JacksonDatabind,55,com.fasterxml.jackson.databind.ser.std.StdKeySerializers,deepseek-v4-flash,True,61,48,78.69,37,30,81.08,0,7779,True,/mnt/d/project-sqa/results/deepseek-v4-flash/JacksonDatabind/55b/StdKeySerializers/StdKeySerializersTest.java,AI-generated test suite via defects4j -s archive (dev tests untouched),com/fasterxml/jackson/databind/ser/std/StdKeySerializersTest.java
JacksonDatabind,56,com.fasterxml.jackson.databind.deser.std.FromStringDeserializer,deepseek-v4-flash,True,112,90,80.36,81,61,75.31,0,9891,True,/mnt/d/project-sqa/results/deepseek-v4-flash/JacksonDatabind/56b/FromStringDeserializer/FromStringDeserializerTest.java,AI-generated test suite via defects4j -s archive (dev tests untouched),com/fasterxml/jackson/databind/deser/std/FromStringDeserializerTest.java
JacksonDatabind,58,com.fasterxml.jackson.databind.deser.BeanDeserializerFactory,deepseek-v4-flash,False,0,0,N/A,0,0,N/A,1,20794,False,/mnt/d/project-sqa/results/deepseek-v4-flash/JacksonDatabind/58b/BeanDeserializerFactory/BeanDeserializerFactoryTest.java,AI-generated test suite via defects4j -s archive (dev tests untouched),com/fasterxml/jackson/databind/deser/BeanDeserializerFactoryTest.java
JacksonDatabind,59,com.fasterxml.jackson.databind.type.TypeFactory,deepseek-v4-flash,True,568,264,46.48,313,133,42.49,1,24327,True,/mnt/d/project-sqa/results/deepseek-v4-flash/JacksonDatabind/59b/TypeFactory/TypeFactoryTest.java,AI-generated test suite via defects4j -s archive (dev tests untouched),com/fasterxml/jackson/databind/type/TypeFactoryTest.java
JacksonDatabind,61,com.fasterxml.jackson.databind.jsontype.impl.StdTypeResolverBuilder,deepseek-v4-flash,False,0,0,N/A,0,0,N/A,1,9575,False,/mnt/d/project-sqa/results/deepseek-v4-flash/JacksonDatabind/61b/StdTypeResolverBuilder/StdTypeResolverBuilderTest.java,AI-generated test suite via defects4j -s archive (dev tests untouched),com/fasterxml/jackson/databind/jsontype/impl/StdTypeResolverBuilderTest.java
JacksonDatabind,62,com.fasterxml.jackson.databind.deser.std.CollectionDeserializer,deepseek-v4-flash,False,0,0,N/A,0,0,N/A,1,20145,False,/mnt/d/project-sqa/results/deepseek-v4-flash/JacksonDatabind/62b/CollectionDeserializer/CollectionDeserializerTest.java,AI-generated test suite via defects4j -s archive (dev tests untouched),com/fasterxml/jackson/databind/deser/std/CollectionDeserializerTest.java
JacksonDatabind,63,com.fasterxml.jackson.databind.JsonMappingException,deepseek-v4-flash,True,123,94,76.42,44,28,63.64,0,7646,True,/mnt/d/project-sqa/results/deepseek-v4-flash/JacksonDatabind/63b/JsonMappingException/JsonMappingExceptionTest.java,AI-generated test suite via defects4j -s archive (dev tests untouched),com/fasterxml/jackson/databind/JsonMappingExceptionTest.java
JacksonDatabind,67,com.fasterxml.jackson.databind.deser.BasicDeserializerFactory,deepseek-v4-flash,False,0,0,N/A,0,0,N/A,1,27955,False,/mnt/d/project-sqa/results/deepseek-v4-flash/JacksonDatabind/67b/BasicDeserializerFactory/BasicDeserializerFactoryTest.java,AI-generated test suite via defects4j -s archive (dev tests untouched),com/fasterxml/jackson/databind/deser/BasicDeserializerFactoryTest.java
JacksonDatabind,68,com.fasterxml.jackson.databind.deser.BeanDeserializerBase,deepseek-v4-flash,False,,,N/A,,,N/A,0,23128,False,,No valid AI test generated (Unbalanced parentheses),
JacksonDatabind,72,com.fasterxml.jackson.databind.deser.impl.InnerClassProperty,deepseek-v4-flash,False,0,0,N/A,0,0,N/A,1,15981,False,/mnt/d/project-sqa/results/deepseek-v4-flash/JacksonDatabind/72b/InnerClassProperty/InnerClassPropertyTest.java,AI-generated test suite via defects4j -s archive (dev tests untouched),com/fasterxml/jackson/databind/deser/impl/InnerClassPropertyTest.java
JacksonDatabind,73,com.fasterxml.jackson.databind.introspect.POJOPropertyBuilder,deepseek-v4-flash,False,0,0,N/A,0,0,N/A,1,14971,False,/mnt/d/project-sqa/results/deepseek-v4-flash/JacksonDatabind/73b/POJOPropertyBuilder/POJOPropertyBuilderTest.java,AI-generated test suite via defects4j -s archive (dev tests untouched),com/fasterxml/jackson/databind/introspect/POJOPropertyBuilderTest.java
JacksonDatabind,74,com.fasterxml.jackson.databind.jsontype.impl.AsPropertyTypeDeserializer,deepseek-v4-flash,False,0,0,N/A,0,0,N/A,1,18991,False,/mnt/d/project-sqa/results/deepseek-v4-flash/JacksonDatabind/74b/AsPropertyTypeDeserializer/AsPropertyTypeDeserializerTest.java,AI-generated test suite via defects4j -s archive (dev tests untouched),com/fasterxml/jackson/databind/jsontype/impl/AsPropertyTypeDeserializerTest.java
JacksonDatabind,75,com.fasterxml.jackson.databind.ser.std.EnumSerializer,deepseek-v4-flash,False,0,0,N/A,0,0,N/A,1,19859,False,/mnt/d/project-sqa/results/deepseek-v4-flash/JacksonDatabind/75b/EnumSerializer/EnumSerializerTest.java,AI-generated test suite via defects4j -s archive (dev tests untouched),com/fasterxml/jackson/databind/ser/std/EnumSerializerTest.java
JacksonDatabind,76,com.fasterxml.jackson.databind.deser.BuilderBasedDeserializer,deepseek-v4-flash,False,0,0,N/A,0,0,N/A,1,20074,False,/mnt/d/project-sqa/results/deepseek-v4-flash/JacksonDatabind/76b/BuilderBasedDeserializer/BuilderBasedDeserializerTest.java,AI-generated test suite via defects4j -s archive (dev tests untouched),com/fasterxml/jackson/databind/deser/BuilderBasedDeserializerTest.java
JacksonDatabind,77,com.fasterxml.jackson.databind.deser.BeanDeserializerFactory,deepseek-v4-flash,False,0,0,N/A,0,0,N/A,1,24514,False,/mnt/d/project-sqa/results/deepseek-v4-flash/JacksonDatabind/77b/BeanDeserializerFactory/BeanDeserializerFactoryTest.java,AI-generated test suite via defects4j -s archive (dev tests untouched),com/fasterxml/jackson/databind/deser/BeanDeserializerFactoryTest.java
JacksonDatabind,79,com.fasterxml.jackson.databind.introspect.JacksonAnnotationIntrospector,deepseek-v4-flash,False,0,0,N/A,0,0,N/A,1,14350,False,/mnt/d/project-sqa/results/deepseek-v4-flash/JacksonDatabind/79b/JacksonAnnotationIntrospector/JacksonAnnotationIntrospectorTest.java,AI-generated test suite via defects4j -s archive (dev tests untouched),com/fasterxml/jackson/databind/introspect/JacksonAnnotationIntrospectorTest.java
JacksonDatabind,79,com.fasterxml.jackson.databind.introspect.ObjectIdInfo,deepseek-v4-flash,False,0,0,N/A,0,0,N/A,1,29092,False,/mnt/d/project-sqa/results/deepseek-v4-flash/JacksonDatabind/79b/ObjectIdInfo/ObjectIdInfoTest.java,AI-generated test suite via defects4j -s archive (dev tests untouched),com/fasterxml/jackson/databind/introspect/ObjectIdInfoTest.java
JacksonDatabind,79,com.fasterxml.jackson.databind.ser.std.BeanSerializerBase,deepseek-v4-flash,False,0,0,N/A,0,0,N/A,1,43284,False,/mnt/d/project-sqa/results/deepseek-v4-flash/JacksonDatabind/79b/BeanSerializerBase/BeanSerializerBaseTest.java,AI-generated test suite via defects4j -s archive (dev tests untouched),com/fasterxml/jackson/databind/ser/std/BeanSerializerBaseTest.java
JacksonDatabind,80,com.fasterxml.jackson.databind.jsontype.impl.StdSubtypeResolver,deepseek-v4-flash,False,0,0,N/A,0,0,N/A,1,13393,False,/mnt/d/project-sqa/results/deepseek-v4-flash/JacksonDatabind/80b/StdSubtypeResolver/StdSubtypeResolverTest.java,AI-generated test suite via defects4j -s archive (dev tests untouched),com/fasterxml/jackson/databind/jsontype/impl/StdSubtypeResolverTest.java
JacksonDatabind,81,com.fasterxml.jackson.databind.introspect.JacksonAnnotationIntrospector,deepseek-v4-flash,False,0,0,N/A,0,0,N/A,1,17774,False,/mnt/d/project-sqa/results/deepseek-v4-flash/JacksonDatabind/81b/JacksonAnnotationIntrospector/JacksonAnnotationIntrospectorTest.java,AI-generated test suite via defects4j -s archive (dev tests untouched),com/fasterxml/jackson/databind/introspect/JacksonAnnotationIntrospectorTest.java
JacksonDatabind,82,com.fasterxml.jackson.databind.deser.BeanDeserializerFactory,deepseek-v4-flash,False,0,0,N/A,0,0,N/A,1,25365,False,/mnt/d/project-sqa/results/deepseek-v4-flash/JacksonDatabind/82b/BeanDeserializerFactory/BeanDeserializerFactoryTest.java,AI-generated test suite via defects4j -s archive (dev tests untouched),com/fasterxml/jackson/databind/deser/BeanDeserializerFactoryTest.java
JacksonDatabind,84,com.fasterxml.jackson.databind.type.ResolvedRecursiveType,deepseek-v4-flash,True,30,28,93.33,14,12,85.71,0,4198,True,/mnt/d/project-sqa/results/deepseek-v4-flash/JacksonDatabind/84b/ResolvedRecursiveType/ResolvedRecursiveTypeTest.java,AI-generated test suite via defects4j -s archive (dev tests untouched),com/fasterxml/jackson/databind/type/ResolvedRecursiveTypeTest.java
JacksonDatabind,85,com.fasterxml.jackson.databind.ser.std.DateTimeSerializerBase,deepseek-v4-flash,False,0,0,N/A,0,0,N/A,1,5210,False,/mnt/d/project-sqa/results/deepseek-v4-flash/JacksonDatabind/85b/DateTimeSerializerBase/DateTimeSerializerBaseTest.java,AI-generated test suite via defects4j -s archive (dev tests untouched),com/fasterxml/jackson/databind/ser/std/DateTimeSerializerBaseTest.java
JacksonDatabind,86,com.fasterxml.jackson.databind.type.ResolvedRecursiveType,deepseek-v4-flash,False,0,0,N/A,0,0,N/A,1,15653,False,/mnt/d/project-sqa/results/deepseek-v4-flash/JacksonDatabind/86b/ResolvedRecursiveType/ResolvedRecursiveTypeTest.java,AI-generated test suite via defects4j -s archive (dev tests untouched),com/fasterxml/jackson/databind/type/ResolvedRecursiveTypeTest.java
JacksonDatabind,90,com.fasterxml.jackson.databind.deser.std.StdValueInstantiator,deepseek-v4-flash,False,0,0,N/A,0,0,N/A,1,18418,False,/mnt/d/project-sqa/results/deepseek-v4-flash/JacksonDatabind/90b/StdValueInstantiator/StdValueInstantiatorTest.java,AI-generated test suite via defects4j -s archive (dev tests untouched),com/fasterxml/jackson/databind/deser/std/StdValueInstantiatorTest.java
JacksonDatabind,94,com.fasterxml.jackson.databind.jsontype.impl.SubTypeValidator,deepseek-v4-flash,True,35,30,85.71,14,5,35.71,0,9466,True,/mnt/d/project-sqa/results/deepseek-v4-flash/JacksonDatabind/94b/SubTypeValidator/SubTypeValidatorTest.java,AI-generated test suite via defects4j -s archive (dev tests untouched),com/fasterxml/jackson/databind/jsontype/impl/SubTypeValidatorTest.java
JacksonDatabind,95,com.fasterxml.jackson.databind.type.TypeParser,deepseek-v4-flash,False,0,0,N/A,0,0,N/A,1,15728,False,/mnt/d/project-sqa/results/deepseek-v4-flash/JacksonDatabind/95b/TypeParser/TypeParserTest.java,AI-generated test suite via defects4j -s archive (dev tests untouched),com/fasterxml/jackson/databind/type/TypeParserTest.java
JacksonDatabind,97,com.fasterxml.jackson.databind.node.POJONode,deepseek-v4-flash,True,41,31,75.61,34,26,76.47,0,4025,True,/mnt/d/project-sqa/results/deepseek-v4-flash/JacksonDatabind/97b/POJONode/POJONodeTest.java,AI-generated test suite via defects4j -s archive (dev tests untouched),com/fasterxml/jackson/databind/node/POJONodeTest.java
JacksonDatabind,98,com.fasterxml.jackson.databind.deser.impl.ExternalTypeHandler,deepseek-v4-flash,False,0,0,N/A,0,0,N/A,1,13605,False,/mnt/d/project-sqa/results/deepseek-v4-flash/JacksonDatabind/98b/ExternalTypeHandler/ExternalTypeHandlerTest.java,AI-generated test suite via defects4j -s archive (dev tests untouched),com/fasterxml/jackson/databind/deser/impl/ExternalTypeHandlerTest.java
JacksonDatabind,100,com.fasterxml.jackson.databind.node.TreeTraversingParser,deepseek-v4-flash,False,0,0,N/A,0,0,N/A,1,20376,False,/mnt/d/project-sqa/results/deepseek-v4-flash/JacksonDatabind/100b/TreeTraversingParser/TreeTraversingParserTest.java,AI-generated test suite via defects4j -s archive (dev tests untouched),com/fasterxml/jackson/databind/node/TreeTraversingParserTest.java
JacksonDatabind,103,com.fasterxml.jackson.databind.DatabindContext,deepseek-v4-flash,False,0,0,N/A,0,0,N/A,1,15272,False,/mnt/d/project-sqa/results/deepseek-v4-flash/JacksonDatabind/103b/DatabindContext/DatabindContextTest.java,AI-generated test suite via defects4j -s archive (dev tests untouched),com/fasterxml/jackson/databind/DatabindContextTest.java
JacksonDatabind,103,com.fasterxml.jackson.databind.deser.BasicDeserializerFactory,deepseek-v4-flash,False,0,0,N/A,0,0,N/A,1,48469,False,/mnt/d/project-sqa/results/deepseek-v4-flash/JacksonDatabind/103b/BasicDeserializerFactory/BasicDeserializerFactoryTest.java,AI-generated test suite via defects4j -s archive (dev tests untouched),com/fasterxml/jackson/databind/deser/BasicDeserializerFactoryTest.java
JacksonDatabind,103,com.fasterxml.jackson.databind.deser.SettableBeanProperty,deepseek-v4-flash,False,0,0,N/A,0,0,N/A,1,69345,False,/mnt/d/project-sqa/results/deepseek-v4-flash/JacksonDatabind/103b/SettableBeanProperty/SettableBeanPropertyTest.java,AI-generated test suite via defects4j -s archive (dev tests untouched),com/fasterxml/jackson/databind/deser/SettableBeanPropertyTest.java
JacksonDatabind,103,com.fasterxml.jackson.databind.deser.std.StdDeserializer,deepseek-v4-flash,False,,,N/A,,,N/A,0,91299,False,,No valid AI test generated (Unbalanced braces),
JacksonDatabind,103,com.fasterxml.jackson.databind.ser.DefaultSerializerProvider,deepseek-v4-flash,False,0,0,N/A,0,0,N/A,1,112939,False,/mnt/d/project-sqa/results/deepseek-v4-flash/JacksonDatabind/103b/DefaultSerializerProvider/DefaultSerializerProviderTest.java,AI-generated test suite via defects4j -s archive (dev tests untouched),com/fasterxml/jackson/databind/ser/DefaultSerializerProviderTest.java
JacksonDatabind,104,com.fasterxml.jackson.databind.util.StdDateFormat,deepseek-v4-flash,True,272,205,75.37,123,82,66.67,0,12509,True,/mnt/d/project-sqa/results/deepseek-v4-flash/JacksonDatabind/104b/StdDateFormat/StdDateFormatTest.java,AI-generated test suite via defects4j -s archive (dev tests untouched),com/fasterxml/jackson/databind/util/StdDateFormatTest.java
JacksonDatabind,105,com.fasterxml.jackson.databind.deser.std.JdkDeserializers,deepseek-v4-flash,True,19,18,94.74,12,12,100.00,0,6944,True,/mnt/d/project-sqa/results/deepseek-v4-flash/JacksonDatabind/105b/JdkDeserializers/JdkDeserializersTest.java,AI-generated test suite via defects4j -s archive (dev tests untouched),com/fasterxml/jackson/databind/deser/std/JdkDeserializersTest.java
JacksonDatabind,106,com.fasterxml.jackson.databind.node.TreeTraversingParser,deepseek-v4-flash,False,0,0,N/A,0,0,N/A,1,11107,False,/mnt/d/project-sqa/results/deepseek-v4-flash/JacksonDatabind/106b/TreeTraversingParser/TreeTraversingParserTest.java,AI-generated test suite via defects4j -s archive (dev tests untouched),com/fasterxml/jackson/databind/node/TreeTraversingParserTest.java
JacksonDatabind,108,com.fasterxml.jackson.databind.ObjectReader,deepseek-v4-flash,True,433,189,43.65,182,62,34.07,1,20686,True,/mnt/d/project-sqa/results/deepseek-v4-flash/JacksonDatabind/108b/ObjectReader/ObjectReaderTest.java,AI-generated test suite via defects4j -s archive (dev tests untouched),com/fasterxml/jackson/databind/ObjectReaderTest.java
JacksonDatabind,109,com.fasterxml.jackson.databind.ser.std.NumberSerializer,deepseek-v4-flash,False,0,0,N/A,0,0,N/A,1,7972,False,/mnt/d/project-sqa/results/deepseek-v4-flash/JacksonDatabind/109b/NumberSerializer/NumberSerializerTest.java,AI-generated test suite via defects4j -s archive (dev tests untouched),com/fasterxml/jackson/databind/ser/std/NumberSerializerTest.java
JacksonDatabind,109,com.fasterxml.jackson.databind.ser.std.NumberSerializers,deepseek-v4-flash,False,0,0,N/A,0,0,N/A,1,25627,False,/mnt/d/project-sqa/results/deepseek-v4-flash/JacksonDatabind/109b/NumberSerializers/NumberSerializersTest.java,AI-generated test suite via defects4j -s archive (dev tests untouched),com/fasterxml/jackson/databind/ser/std/NumberSerializersTest.java
JacksonDatabind,111,com.fasterxml.jackson.databind.deser.std.AtomicReferenceDeserializer,deepseek-v4-flash,False,0,0,N/A,0,0,N/A,1,12552,False,/mnt/d/project-sqa/results/deepseek-v4-flash/JacksonDatabind/111b/AtomicReferenceDeserializer/AtomicReferenceDeserializerTest.java,AI-generated test suite via defects4j -s archive (dev tests untouched),com/fasterxml/jackson/databind/deser/std/AtomicReferenceDeserializerTest.java
