project,bug_id,line_total,line_covered,line_coverage,condition_total,condition_covered,condition_coverage,refinement_rounds,tokens_used,compile_rate,fault_detected
JacksonDatabind,1,0.0,0.0,,0.0,0.0,,1.0,22608.0,0.0,0
JacksonDatabind,10,0.0,0.0,,0.0,0.0,,1.0,27908.5,0.0,0
JacksonDatabind,11,0.0,0.0,,0.0,0.0,,1.0,24120.0,0.0,0
JacksonDatabind,12,0.0,0.0,,0.0,0.0,,1.0,17034.0,0.0,0
JacksonDatabind,13,66.0,47.5,71.97,34.0,25.0,73.53,0.5,12479.0,50.0,1
JacksonDatabind,14,0.0,0.0,,0.0,0.0,,1.0,28728.0,0.0,0
JacksonDatabind,15,0.0,0.0,,0.0,0.0,,0.75,45850.25,0.0,0
JacksonDatabind,16,35.0,35.0,100.0,36.0,32.0,88.89,0.0,5286.0,100.0,1
JacksonDatabind,17,0.0,0.0,,0.0,0.0,,0.0,34806.0,0.0,0
JacksonDatabind,18,68.0,59.0,86.76,34.0,30.0,88.24,0.0,6561.0,100.0,1
JacksonDatabind,19,0.0,0.0,,0.0,0.0,,1.0,25227.0,0.0,0
JacksonDatabind,2,0.0,0.0,,0.0,0.0,,1.0,19029.0,0.0,0
JacksonDatabind,20,0.0,0.0,,0.0,0.0,,1.0,21700.0,0.0,0
JacksonDatabind,22,0.0,0.0,,0.0,0.0,,1.0,37173.0,0.0,0
JacksonDatabind,23,0.0,0.0,,0.0,0.0,,1.0,16545.0,0.0,0
JacksonDatabind,24,67.0,66.0,98.51,26.0,25.0,96.15,1.0,15027.0,100.0,1
JacksonDatabind,25,0.0,0.0,,0.0,0.0,,1.0,62324.25,0.0,0
JacksonDatabind,26,0.0,0.0,,0.0,0.0,,1.0,14125.0,0.0,0
JacksonDatabind,27,392.0,193.0,49.23,222.0,100.0,45.05,1.0,23401.0,100.0,1
JacksonDatabind,28,31.0,31.0,100.0,13.0,13.0,100.0,0.0,9015.0,100.0,1
JacksonDatabind,29,141.0,117.0,82.98,62.0,43.0,69.35,0.0,9852.0,100.0,1
JacksonDatabind,3,62.0,58.0,93.55,36.0,30.0,83.33,0.0,6108.0,100.0,1
JacksonDatabind,30,444.0,123.0,27.7,178.66666666666666,50.0,27.99,0.6666666666666666,55442.0,33.33333333333333,1
JacksonDatabind,31,655.0,445.0,67.94,342.0,187.0,54.68,1.0,21169.0,100.0,1
JacksonDatabind,32,0.0,0.0,,0.0,0.0,,0.0,12219.0,0.0,0
JacksonDatabind,33,0.0,0.0,,0.0,0.0,,1.0,18712.0,0.0,0
JacksonDatabind,34,29.0,28.0,96.55,24.0,24.0,100.0,0.0,6597.0,100.0,1
JacksonDatabind,35,0.0,0.0,,0.0,0.0,,1.0,5611.0,0.0,0
JacksonDatabind,36,193.0,150.0,77.72,130.0,78.0,60.0,0.0,10089.0,100.0,1
JacksonDatabind,37,67.0,61.0,91.04,32.0,31.0,96.88,0.0,6724.0,100.0,1
JacksonDatabind,38,81.33333333333333,30.666666666666668,37.705,28.0,11.0,39.285,1.0,22385.666666666668,66.66666666666666,1
JacksonDatabind,39,7.0,7.0,100.0,2.0,2.0,100.0,0.0,5521.0,100.0,1
JacksonDatabind,4,0.0,0.0,,0.0,0.0,,1.0,13537.0,0.0,0
JacksonDatabind,40,219.0,170.0,77.63,130.0,93.0,71.54,0.0,10222.0,100.0,1
JacksonDatabind,42,110.0,97.0,88.18,79.0,65.0,82.28,0.0,6614.0,100.0,1
JacksonDatabind,43,0.0,0.0,,0.0,0.0,,1.0,13282.0,0.0,0
JacksonDatabind,44,75.0,67.0,89.33,36.0,36.0,100.0,1.0,13985.0,100.0,1
JacksonDatabind,45,0.0,0.0,,0.0,0.0,,1.0,18097.0,0.0,0
JacksonDatabind,46,0.0,0.0,,0.0,0.0,,1.0,10674.0,0.0,0
JacksonDatabind,48,0.0,0.0,,0.0,0.0,,1.0,39306.0,0.0,0
JacksonDatabind,49,21.0,21.0,100.0,12.0,12.0,100.0,0.0,9754.0,100.0,1
JacksonDatabind,5,0.0,0.0,,0.0,0.0,,1.0,23441.0,0.0,0
JacksonDatabind,50,0.0,0.0,,0.0,0.0,,1.0,24042.0,0.0,0
JacksonDatabind,51,0.0,0.0,,0.0,0.0,,1.0,9176.0,0.0,0
JacksonDatabind,52,369.0,130.5,35.37,217.5,61.5,28.28,0.5,27347.5,50.0,1
JacksonDatabind,53,252.5,186.0,73.66,173.0,104.0,60.12,0.5,26435.0,50.0,1
JacksonDatabind,7,0.0,0.0,,0.0,0.0,,1.0,31172.0,0.0,0
JacksonDatabind,8,0.0,0.0,,0.0,0.0,,1.0,11830.0,0.0,0
