project,bug_id,line_coverage,condition_coverage,compile_ok,fault_detected,tokens_used,refinement_rounds,Bug
Chart,1,,,0.0,0.0,24089.0,1.0,1
Chart,3,,,0.0,0.0,17617.0,1.0,3
Chart,5,79.65,70.0,1.0,1.0,12010.0,0.0,5
Chart,6,100.0,100.0,1.0,1.0,5688.0,0.0,6
Chart,7,96.23,90.74,1.0,1.0,9593.0,0.0,7
Chart,8,94.44,79.41,1.0,1.0,10112.0,0.0,8
Chart,10,100.0,,1.0,1.0,4374.0,0.0,10
Chart,12,96.32,86.9,1.0,1.0,10884.0,0.0,12
Chart,14,18.35,13.75,1.0,1.0,67104.0,1.0,14
Chart,15,,,0.0,0.0,34128.0,1.0,15
Chart,16,87.23,71.88,1.0,1.0,11697.0,0.0,16
Chart,17,72.92,65.62,1.0,1.0,13822.0,0.0,17
Chart,18,55.825,50.0,1.0,1.0,20275.0,1.0,18
Chart,20,95.45,87.5,1.0,1.0,5157.0,0.0,20
Chart,21,78.26,51.67,1.0,1.0,11128.0,0.0,21
Chart,22,95.16,84.48,1.0,1.0,8378.0,0.0,22
Chart,23,,,0.0,0.0,15350.0,1.0,23
Chart,24,100.0,100.0,1.0,1.0,6469.0,0.0,24
Chart,25,,,0.0,0.0,11317.0,1.0,25
Chart,26,91.14,63.28,1.0,1.0,17939.0,0.0,26
Cli,1,,,0.0,0.0,13239.0,1.0,1
Cli,2,97.06,88.1,1.0,1.0,8317.0,0.0,2
Cli,3,0.0,0.0,1.0,1.0,8942.0,1.0,3
Cli,4,,,0.0,0.0,15700.0,1.0,4
Cli,5,0.0,0.0,1.0,1.0,6769.0,1.0,5
Cli,7,,,0.0,0.0,18343.0,1.0,7
Cli,8,,,0.0,0.0,21146.0,1.0,8
Closure,1,4.62,0.0,1.0,0.0,17053.0,1.0,1
Closure,2,,,0.0,0.0,33455.0,1.0,2
Closure,3,88.64,73.23,1.0,1.0,10733.0,0.0,3
Closure,4,,,0.0,0.0,19018.0,1.0,4
Closure,5,90.06,81.48,1.0,1.0,9937.0,0.0,5
Closure,6,,,0.0,0.0,22966.0,1.0,6
Closure,7,,,0.0,0.0,13711.0,1.0,7
Closure,8,,,0.0,0.0,13440.0,1.0,8
Closure,9,75.23,69.05,1.0,1.0,7968.0,0.0,9
Closure,10,,,0.0,0.0,44294.0,1.0,10
Closure,11,,,0.0,0.0,29579.0,1.0,11
Closure,12,38.64,12.5,1.0,0.0,11686.0,1.0,12
Closure,13,,,0.0,0.0,6028.0,1.0,13
Closure,15,,,0.0,0.0,15039.0,1.0,15
Closure,16,,,0.0,0.0,15403.0,1.0,16
Closure,17,,,0.0,0.0,26801.0,1.0,17
Closure,18,,,0.0,0.0,25014.0,0.0,18
Closure,19,,,0.0,0.0,23234.0,1.0,19
Closure,20,,,0.0,0.0,29847.0,1.0,20
Closure,21,,,0.0,0.0,12684.0,1.0,21
Closure,22,72.09,75.0,1.0,1.0,7758.0,0.0,22
Closure,24,,,0.0,0.0,15391.0,1.0,24
Closure,25,,,0.0,0.0,29295.0,1.0,25
Closure,26,,,0.0,0.0,14971.0,1.0,26
Closure,27,,,0.0,0.0,20594.0,1.0,27
Closure,28,92.31,100.0,1.0,1.0,5759.0,0.0,28
Closure,30,,,0.0,0.0,14859.0,1.0,30
Closure,31,,,0.0,0.0,25346.0,0.0,31
Closure,32,,,0.0,0.0,26439.0,0.0,32
Closure,33,,,0.0,0.0,9799.0,1.0,33
Closure,34,,,0.0,0.0,24093.0,0.5,34
Closure,35,,,0.0,0.0,26477.0,1.0,35
Closure,36,,,0.0,0.0,15710.0,1.0,36
Closure,37,,,0.0,0.0,35032.0,1.0,37
Closure,38,,,0.0,0.0,6605.0,0.0,38
Closure,39,,,0.0,0.0,18737.0,1.0,39
Closure,41,,,0.0,0.0,23688.0,1.0,41
Closure,42,79.93,63.44,1.0,1.0,26595.0,1.0,42
Closure,43,,,0.0,0.0,33424.0,1.0,43
Closure,45,,,0.0,0.0,18631.0,1.0,45
Closure,46,90.83,70.0,1.0,1.0,8918.0,0.0,46
Closure,47,,,0.0,0.0,15743.5,0.5,47
Closure,48,,,0.0,0.0,35443.0,1.0,48
Closure,49,99.48,87.62,1.0,1.0,17502.0,1.0,49
Closure,50,,,0.0,0.0,16402.0,1.0,50
Closure,51,,,0.0,0.0,6410.0,0.0,51
Closure,52,,,0.0,0.0,27126.0,1.0,52
Closure,53,,,0.0,0.0,8046.0,0.0,53
Closure,54,51.18,38.24,0.5,0.5,42678.0,1.0,54
Closure,55,,,0.0,0.0,11707.0,0.0,55
Closure,56,,,0.0,0.0,8880.0,1.0,56
Closure,57,,,0.0,0.0,10119.0,1.0,57
Closure,58,96.15,84.62,1.0,1.0,8245.0,0.0,58
Closure,59,,,0.0,0.0,21319.0,1.0,59
Closure,60,,,0.0,0.0,43162.0,1.0,60
Closure,61,,,0.0,0.0,31684.0,1.0,61
Closure,62,98.65,96.88,1.0,1.0,7837.0,0.0,62
Closure,64,,,0.0,0.0,21330.0,1.0,64
Closure,65,,,0.0,0.0,24247.0,1.0,65
Closure,66,62.92,41.26,1.0,1.0,29039.0,1.0,66
Closure,67,,,0.0,0.0,21281.0,1.0,67
Closure,68,,,0.0,0.0,26692.0,0.0,68
Closure,69,,,0.0,0.0,29198.0,1.0,69
Closure,70,,,0.0,0.0,29384.0,1.0,70
Closure,71,,,0.0,0.0,13266.0,0.0,71
Closure,72,,,0.0,0.0,21056.0,1.0,72
Closure,73,13.99,12.69,1.0,1.0,22294.0,1.0,73
Closure,75,,,0.0,0.0,32700.0,0.0,75
Closure,76,,,0.0,0.0,12869.0,1.0,76
Closure,77,,,0.0,0.0,21555.0,1.0,77
Closure,78,45.29,32.07,1.0,1.0,24271.0,1.0,78
Closure,79,66.24,45.38,0.5,0.5,31806.5,1.0,79
Closure,80,24.92,19.05,1.0,1.0,32406.0,1.0,80
Closure,82,,,0.0,0.0,23336.0,1.0,82
Closure,83,86.15,66.67,1.0,1.0,21869.0,1.0,83
Closure,85,,,0.0,0.0,11615.0,1.0,85
Closure,86,27.12,22.3,1.0,1.0,27875.0,1.0,86
Closure,87,,,0.0,0.0,22617.0,1.0,87
Closure,88,,,0.0,0.0,13327.0,1.0,88
Closure,89,,,0.0,0.0,25823.0,0.5,89
Closure,90,,,0.0,0.0,34091.5,1.0,90
Closure,91,,,0.0,0.0,13221.0,1.0,91
Closure,92,,,0.0,0.0,21483.0,1.0,92
Closure,94,20.82,16.29,1.0,1.0,25789.0,1.0,94
Closure,95,,,0.0,0.0,30291.0,1.0,95
Closure,96,,,0.0,0.0,27121.0,1.0,96
Closure,97,61.98,46.0,1.0,0.0,24764.0,1.0,97
Closure,98,,,0.0,0.0,10125.0,1.0,98
Closure,99,,,0.0,0.0,16098.0,1.0,99
Closure,100,,,0.0,0.0,12103.0,1.0,100
Closure,101,90.3,87.5,1.0,1.0,8500.0,0.0,101
Closure,102,,,0.0,0.0,14836.0,1.0,102
Closure,103,,,0.0,0.0,35004.5,1.0,103
Closure,104,,,0.0,0.0,14488.0,1.0,104
Closure,105,,,0.0,0.0,30416.0,1.0,105
Closure,106,,,0.0,0.0,23115.0,1.0,106
Closure,107,,,0.0,0.0,25263.0,1.0,107
Closure,108,,,0.0,0.0,17654.0,1.0,108
Closure,109,,,0.0,0.0,28075.0,0.0,109
Closure,110,37.64,26.97,0.5,0.5,30556.0,1.0,110
Closure,111,,,0.0,0.0,15472.0,1.0,111
Closure,112,,,0.0,0.0,24083.0,1.0,112
Closure,113,,,0.0,0.0,22287.0,1.0,113
Closure,114,,,0.0,0.0,25467.0,1.0,114
Closure,115,72.99,50.44,1.0,1.0,23486.0,1.0,115
Closure,116,,,0.0,0.0,23716.0,1.0,116
Closure,117,,,0.0,0.0,14059.0,1.0,117
Closure,118,,,0.0,0.0,24204.0,1.0,118
Closure,119,78.63,54.34,1.0,1.0,18101.0,0.0,119
Closure,120,,,0.0,0.0,17956.0,1.0,120
Closure,121,,,0.0,0.0,15854.0,1.0,121
Closure,122,75.69,53.35,1.0,1.0,29171.0,1.0,122
Closure,123,72.62,52.78,1.0,0.0,30446.0,1.0,123
Closure,124,,,0.0,0.0,16999.0,1.0,124
Closure,126,,,0.0,0.0,14179.0,1.0,126
Closure,127,,,0.0,0.0,11007.0,1.0,127
Closure,128,,,0.0,0.0,23223.0,1.0,128
Closure,129,,,0.0,0.0,14130.0,1.0,129
Closure,130,,,0.0,0.0,18517.0,1.0,130
Closure,131,95.58,79.39,1.0,1.0,6295.0,0.0,131
Closure,132,,,0.0,0.0,27329.0,1.0,132
Closure,133,,,0.0,0.0,25942.0,0.0,133
Closure,134,,,0.0,0.0,31369.5,1.0,134
Closure,135,,,0.0,0.0,20389.0,0.5,135
Closure,136,,,0.0,0.0,24424.5,1.0,136
Closure,137,,,0.0,0.0,43229.666666666664,1.0,137
Closure,138,,,0.0,0.0,31055.5,1.0,138
Closure,139,,,0.0,0.0,15360.0,1.0,139
Closure,140,41.1,35.25,1.0,1.0,18001.0,0.0,140
Closure,141,,,0.0,0.0,33707.5,1.0,141
Closure,142,,,0.0,0.0,26873.0,0.5,142
Closure,143,,,0.0,0.0,15703.0,1.0,143
Closure,144,,,0.0,0.0,49397.5,0.75,144
Closure,145,50.88,39.89,1.0,1.0,16911.0,1.0,145
Closure,146,,,0.0,0.0,23901.0,1.0,146
Closure,147,,,0.0,0.0,21706.5,1.0,147
Closure,148,39.29,28.06,0.5,0.0,31936.0,0.5,148
Closure,149,,,0.0,0.0,54745.25,1.0,149
Closure,150,,,0.0,0.0,29603.0,1.0,150
Closure,151,,,0.0,0.0,18441.0,1.0,151
Closure,152,,,0.0,0.0,14177.0,0.0,152
Closure,153,52.925000000000004,40.910000000000004,1.0,1.0,19076.5,0.5,153
Closure,154,,,0.0,0.0,36396.5,1.0,154
Closure,155,,,0.0,0.0,30593.333333333332,0.6666666666666666,155
Closure,156,,,0.0,0.0,17008.0,1.0,156
Closure,157,31.4,17.75,0.3333333333333333,0.3333333333333333,45614.333333333336,1.0,157
Closure,158,,,0.0,0.0,47356.333333333336,1.0,158
Closure,159,,,0.0,0.0,13026.0,0.0,159
Closure,160,,,0.0,0.0,29266.0,1.0,160
Closure,161,,,0.0,0.0,25562.0,1.0,161
Closure,162,,,0.0,0.0,26908.0,1.0,162
Closure,163,,,0.0,0.0,21427.0,1.0,163
Closure,164,95.51,77.14,1.0,1.0,7404.0,0.0,164
Closure,165,,,0.0,0.0,39973.5,1.0,165
Closure,166,,,0.0,0.0,9621.0,1.0,166
Closure,167,,,0.0,0.0,27562.0,1.0,167
Closure,168,,,0.0,0.0,36386.0,1.0,168
Closure,169,,,0.0,0.0,65825.0,1.0,169
Closure,170,,,0.0,0.0,13406.0,1.0,170
Closure,171,,,0.0,0.0,48234.0,1.0,171
Closure,172,,,0.0,0.0,37288.0,1.0,172
Closure,173,23.23,16.35,1.0,1.0,17870.0,0.0,173
Closure,174,,,0.0,0.0,37953.666666666664,1.0,174
Closure,175,,,0.0,0.0,13971.0,1.0,175
Closure,176,,,0.0,0.0,31558.0,1.0,176
Codec,1,30.85666666666667,28.26,1.0,0.6666666666666666,22583.0,1.0,1
Codec,2,89.72,82.19,1.0,1.0,14665.0,0.0,2
Codec,3,68.43,51.78,1.0,0.0,24691.0,1.0,3
Codec,4,92.64,80.38,1.0,1.0,15895.0,0.0,4
Codec,5,96.54,81.01,1.0,1.0,16648.0,0.0,5
Codec,6,97.14,96.43,1.0,1.0,6864.0,0.0,6
Codec,7,93.13,80.25,1.0,1.0,16149.0,0.0,7
Codec,8,68.77,62.364999999999995,1.0,1.0,23035.0,0.5,8
Codec,9,88.18,71.71,1.0,1.0,15498.0,0.0,9
Codec,10,100.0,100.0,1.0,1.0,5185.0,0.0,10
Codec,11,100.0,100.0,1.0,1.0,8271.0,0.0,11
Codec,12,96.77,96.15,1.0,1.0,6491.0,0.0,12
Codec,13,,,0.0,0.0,26062.0,1.0,13
Codec,14,,,0.0,0.0,20342.0,0.3333333333333333,14
Codec,15,100.0,79.41,1.0,1.0,7229.0,0.0,15
Codec,16,91.57,84.0,1.0,1.0,13472.0,0.0,16
Codec,17,100.0,95.0,1.0,1.0,8827.0,0.0,17
Codec,18,100.0,100.0,1.0,1.0,8910.0,0.0,18
Collections,1,86.35,70.21,1.0,1.0,25236.0,1.0,1
Collections,2,76.77,63.81,1.0,1.0,18312.0,0.0,2
Collections,3,,,0.0,0.0,29041.0,1.0,3
Collections,4,99.1,91.67,1.0,1.0,10059.0,0.0,4
Collections,5,93.9,100.0,1.0,1.0,8359.0,0.0,5
Collections,6,76.36,61.17,1.0,1.0,28019.0,1.0,6
Collections,7,66.87,52.5,1.0,1.0,19380.0,1.0,7
Collections,8,100.0,97.22,1.0,1.0,6584.0,0.0,8
Collections,9,77.19,62.14,1.0,1.0,20068.0,0.0,9
Collections,10,93.28,91.67,1.0,1.0,7919.0,0.0,10
Collections,11,100.0,100.0,1.0,1.0,5758.0,0.0,11
Collections,12,72.19,58.99,1.0,1.0,20576.0,0.0,12
Collections,13,72.45,54.68,1.0,1.0,19434.0,0.0,13
Collections,14,100.0,100.0,1.0,1.0,6144.0,0.0,14
Collections,15,98.84,95.45,1.0,1.0,7688.0,0.0,15
Collections,16,95.35,100.0,1.0,1.0,8014.0,0.0,16
Collections,17,100.0,100.0,1.0,1.0,4652.0,0.0,17
Collections,18,95.7,97.22,1.0,1.0,8972.0,0.0,18
Collections,19,89.91,94.74,1.0,1.0,8847.0,0.0,19
Collections,20,84.3,77.27,1.0,1.0,12523.0,0.0,20
Collections,21,96.33,100.0,1.0,1.0,9652.0,0.0,21
Collections,22,,,0.0,0.0,22775.0,1.0,22
Collections,23,97.06,100.0,1.0,1.0,5680.0,0.0,23
Collections,24,100.0,100.0,1.0,1.0,6085.0,0.0,24
Collections,25,,,0.0,0.0,30835.0,1.0,25
Collections,26,100.0,100.0,1.0,1.0,6294.0,0.0,26
Collections,27,,,0.0,0.0,16632.0,1.0,27
Collections,28,,,0.0,0.0,33504.0,1.0,28
Compress,1,,,0.0,0.0,17253.0,1.0,1
Compress,2,95.89,90.48,1.0,1.0,5881.0,0.0,2
Compress,3,100.0,100.0,1.0,1.0,6361.0,0.0,3
Compress,4,,,0.0,0.0,44749.25,1.0,4
Compress,5,93.17,76.6,1.0,1.0,10180.0,0.0,5
Compress,6,70.59,63.33,1.0,1.0,8323.0,0.0,6
Compress,7,96.83,92.11,1.0,1.0,6307.0,0.0,7
Compress,8,97.14,94.74,1.0,1.0,7709.0,0.0,8
Compress,9,90.91,92.86,1.0,1.0,7847.0,0.0,9
Compress,10,79.28,50.44,1.0,1.0,13881.0,0.0,10
Compress,11,88.41,93.48,1.0,1.0,7294.0,0.0,11
Compress,12,73.85,62.73,1.0,1.0,9840.0,0.0,12
Compress,13,70.5,56.73,1.0,1.0,10139.0,0.0,13
Compress,14,97.03,86.36,1.0,1.0,7303.0,0.0,14
Compress,15,,,0.0,0.0,17667.0,1.0,15
Compress,16,91.43,93.75,1.0,1.0,6949.0,0.0,16
Compress,17,83.8,73.28,1.0,1.0,12819.0,0.0,17
Compress,18,,,0.0,0.0,20444.0,1.0,18
Compress,19,95.24,71.67,1.0,1.0,8742.0,0.0,19
Compress,20,91.59,78.95,1.0,1.0,9696.0,0.0,20
Compress,21,91.28,82.35,1.0,1.0,13134.0,0.0,21
Compress,22,85.46,78.49,1.0,1.0,24126.0,1.0,22
Compress,23,81.55,67.65,1.0,1.0,7549.0,0.0,23
Compress,24,82.22,77.12,1.0,1.0,11060.0,0.0,24
Compress,25,,,0.0,0.0,24717.0,1.0,25
Compress,26,94.44,100.0,1.0,1.0,5518.0,0.0,26
Compress,28,77.0,60.66,1.0,1.0,22858.0,1.0,28
Compress,29,,,0.0,0.0,62726.4,1.0,29
Compress,30,,,0.0,0.0,23378.0,1.0,30
Compress,31,71.02,64.66,1.0,1.0,11133.0,0.0,31
Compress,32,,,0.0,0.0,21963.0,1.0,32
Compress,33,70.83,68.75,0.5,0.5,13321.5,0.5,33
Compress,34,100.0,92.86,1.0,1.0,7966.0,0.0,34
Compress,35,81.03,75.89,1.0,1.0,10055.0,0.0,35
Compress,36,,,0.0,0.0,28755.0,1.0,36
Compress,37,78.48,59.87,1.0,1.0,21023.0,1.0,37
Compress,38,,,0.0,0.0,25182.0,1.0,38
Compress,39,82.26,94.44,1.0,1.0,7186.0,0.0,39
Compress,40,100.0,100.0,1.0,1.0,5264.0,0.0,40
Compress,41,,,0.0,0.0,24529.0,1.0,41
Compress,42,40.37,29.925,1.0,1.0,12498.0,0.5,42
Compress,43,,,0.0,0.0,30932.0,1.0,43
Compress,44,100.0,100.0,1.0,1.0,4819.0,0.0,44
Compress,45,82.46,80.56,1.0,1.0,11657.0,0.0,45
Compress,46,97.48,73.96,1.0,1.0,11470.0,0.0,46
Compress,47,64.9,45.4,1.0,0.0,25570.0,1.0,47
Csv,1,100.0,95.45,1.0,1.0,7797.0,0.0,1
Csv,2,100.0,100.0,1.0,1.0,5141.0,0.0,2
Csv,3,,,0.0,0.0,16218.0,1.0,3
Csv,4,,,0.0,0.0,14403.0,1.0,4
Csv,5,87.97,71.3,1.0,1.0,6715.0,0.0,5
Csv,6,100.0,100.0,1.0,1.0,5968.0,0.0,6
Csv,7,91.09,88.0,1.0,1.0,9311.0,0.0,7
Csv,8,87.71,67.14,1.0,1.0,13276.0,0.0,8
Csv,9,97.22,100.0,1.0,1.0,6245.0,0.0,9
Csv,10,92.5,80.34,1.0,1.0,9145.0,0.0,10
Csv,11,,,0.0,0.0,16754.0,1.0,11
Csv,12,91.85,75.71,1.0,1.0,14393.0,0.0,12
Csv,13,,,0.0,0.0,32062.0,1.0,13
Csv,14,72.75,55.15,1.0,1.0,21655.0,0.0,14
Csv,15,78.34,61.09,1.0,1.0,23370.0,0.0,15
Csv,16,89.43,77.94,1.0,1.0,10564.0,0.0,16
Gson,1,,,0.0,0.0,14351.0,1.0,1
Gson,2,,,0.0,0.0,24358.0,1.0,2
Gson,3,91.86,93.75,1.0,1.0,6854.0,0.0,3
Gson,4,21.43,14.16,0.5,0.5,29870.0,0.5,4
Gson,5,95.33,76.4,1.0,1.0,8966.0,0.0,5
Gson,6,100.0,100.0,1.0,1.0,6143.0,0.0,6
Gson,7,,,0.0,0.0,20761.0,0.0,7
Gson,8,,,0.0,0.0,6866.0,1.0,8
Gson,9,43.46,34.53,1.0,1.0,29665.666666666668,0.6666666666666666,9
Gson,10,,,0.0,0.0,6485.0,0.0,10
Gson,11,82.8,82.65,1.0,1.0,14949.0,0.0,11
Gson,12,92.86,74.42,1.0,1.0,7273.0,0.0,12
Gson,13,,,0.0,0.0,19896.0,0.0,13
Gson,14,,,0.0,0.0,10676.0,0.0,14
Gson,15,88.38,72.83,1.0,1.0,10379.0,0.0,15
Gson,16,,,0.0,0.0,9542.0,0.0,16
Gson,17,89.09,93.75,1.0,1.0,4856.0,0.0,17
Gson,18,,,0.0,0.0,12115.0,0.0,18
JacksonCore,1,,,0.0,0.0,27575.5,1.0,1
JacksonCore,2,,,0.0,0.0,35971.0,0.0,2
JacksonCore,3,,,0.0,0.0,36865.0,0.0,3
JacksonCore,4,80.53,61.19,1.0,1.0,10327.0,0.0,4
JacksonCore,5,95.24,83.87,1.0,1.0,6230.0,0.0,5
JacksonCore,6,100.0,93.55,1.0,1.0,8135.0,0.0,6
JacksonCore,7,,,0.0,0.0,11960.0,1.0,7
JacksonCore,8,,,0.0,0.0,17468.0,1.0,8
JacksonCore,9,,,0.0,0.0,53970.333333333336,0.3333333333333333,9
JacksonCore,10,77.42,47.37,1.0,1.0,16996.0,0.0,10
JacksonCore,11,71.37,39.55,1.0,1.0,17513.0,0.0,11
JacksonCore,12,,,0.0,0.0,39861.0,1.0,12
JacksonCore,13,,,0.0,0.0,19223.0,1.0,13
JacksonCore,14,100.0,95.45,1.0,1.0,7712.0,0.0,14
JacksonCore,15,,,0.0,0.0,24666.0,1.0,15
JacksonCore,16,100.0,100.0,1.0,1.0,6416.0,0.0,16
JacksonCore,17,,,0.0,0.0,24447.0,0.0,17
JacksonCore,18,,,0.0,0.0,45696.333333333336,1.0,18
JacksonCore,19,,,0.0,0.0,51759.0,0.0,19
JacksonCore,20,69.88,55.67,1.0,1.0,26253.0,1.0,20
JacksonCore,21,70.65,62.08,1.0,1.0,25531.0,1.0,21
JacksonCore,22,,,0.0,0.0,22702.0,1.0,22
JacksonCore,23,,,0.0,0.0,14258.0,1.0,23
JacksonCore,24,30.15,28.22,0.5,0.5,31753.0,1.0,24
JacksonCore,25,40.33,30.72,1.0,0.0,40768.0,1.0,25
JacksonDatabind,1,,,0.0,0.0,22608.0,1.0,1
JacksonDatabind,2,,,0.0,0.0,19029.0,1.0,2
JacksonDatabind,3,93.55,83.33,1.0,1.0,6108.0,0.0,3
JacksonDatabind,4,,,0.0,0.0,13537.0,1.0,4
JacksonDatabind,5,,,0.0,0.0,23441.0,1.0,5
JacksonDatabind,7,,,0.0,0.0,31172.0,1.0,7
JacksonDatabind,8,,,0.0,0.0,11830.0,1.0,8
JacksonDatabind,10,,,0.0,0.0,27908.5,1.0,10
JacksonDatabind,11,,,0.0,0.0,24120.0,1.0,11
JacksonDatabind,12,,,0.0,0.0,17034.0,1.0,12
JacksonDatabind,13,71.97,73.53,0.5,0.5,12479.0,0.5,13
JacksonDatabind,14,,,0.0,0.0,28728.0,1.0,14
JacksonDatabind,15,,,0.0,0.0,45850.25,0.75,15
JacksonDatabind,16,100.0,88.89,1.0,1.0,5286.0,0.0,16
JacksonDatabind,17,,,0.0,0.0,34806.0,0.0,17
JacksonDatabind,18,86.76,88.24,1.0,1.0,6561.0,0.0,18
JacksonDatabind,19,,,0.0,0.0,25227.0,1.0,19
JacksonDatabind,20,,,0.0,0.0,21700.0,1.0,20
JacksonDatabind,22,,,0.0,0.0,37173.0,1.0,22
JacksonDatabind,23,,,0.0,0.0,16545.0,1.0,23
JacksonDatabind,24,98.51,96.15,1.0,1.0,15027.0,1.0,24
JacksonDatabind,25,,,0.0,0.0,62324.25,1.0,25
JacksonDatabind,26,,,0.0,0.0,14125.0,1.0,26
JacksonDatabind,27,49.23,45.05,1.0,1.0,23401.0,1.0,27
JacksonDatabind,28,100.0,100.0,1.0,1.0,9015.0,0.0,28
JacksonDatabind,29,82.98,69.35,1.0,1.0,9852.0,0.0,29
JacksonDatabind,30,27.7,27.99,0.3333333333333333,0.3333333333333333,55442.0,0.6666666666666666,30
JacksonDatabind,31,67.94,54.68,1.0,1.0,21169.0,1.0,31
JacksonDatabind,32,,,0.0,0.0,12219.0,0.0,32
JacksonDatabind,33,,,0.0,0.0,18712.0,1.0,33
JacksonDatabind,34,96.55,100.0,1.0,1.0,6597.0,0.0,34
JacksonDatabind,35,,,0.0,0.0,5611.0,1.0,35
JacksonDatabind,36,77.72,60.0,1.0,1.0,10089.0,0.0,36
JacksonDatabind,37,91.04,96.88,1.0,1.0,6724.0,0.0,37
JacksonDatabind,38,37.705,39.285,0.6666666666666666,0.6666666666666666,22385.666666666668,1.0,38
JacksonDatabind,39,100.0,100.0,1.0,1.0,5521.0,0.0,39
JacksonDatabind,40,77.63,71.54,1.0,1.0,10222.0,0.0,40
JacksonDatabind,42,88.18,82.28,1.0,1.0,6614.0,0.0,42
JacksonDatabind,43,,,0.0,0.0,13282.0,1.0,43
JacksonDatabind,44,89.33,100.0,1.0,1.0,13985.0,1.0,44
JacksonDatabind,45,,,0.0,0.0,18097.0,1.0,45
JacksonDatabind,46,,,0.0,0.0,10674.0,1.0,46
JacksonDatabind,48,,,0.0,0.0,39306.0,1.0,48
JacksonDatabind,49,100.0,100.0,1.0,1.0,9754.0,0.0,49
JacksonDatabind,50,,,0.0,0.0,24042.0,1.0,50
JacksonDatabind,51,,,0.0,0.0,9176.0,1.0,51
JacksonDatabind,52,35.37,28.28,0.5,0.5,27347.5,0.5,52
JacksonDatabind,53,73.66,60.12,0.5,0.5,26435.0,0.5,53
JacksonXml,1,,,0.0,0.0,23364.0,1.0,1
JacksonXml,2,81.18,70.27,1.0,1.0,9325.0,0.0,2
JacksonXml,3,,,0.0,0.0,24386.0,1.0,3
JacksonXml,4,73.95,63.79,1.0,1.0,7728.0,0.0,4
JacksonXml,5,,,0.0,0.0,6318.0,1.0,5
JacksonXml,6,35.67,26.13,1.0,0.0,26941.0,1.0,6
Jsoup,1,,,0.0,0.0,10013.0,1.0,1
Jsoup,2,97.53,86.05,1.0,1.0,6053.0,0.0,2
Jsoup,3,57.255,40.985,0.6666666666666666,0.6666666666666666,26737.666666666668,0.6666666666666666,3
Jsoup,4,,,0.0,0.0,42011.0,1.0,4
Jsoup,5,98.84,90.22,1.0,1.0,6974.0,0.0,5
Jsoup,6,,,0.0,0.0,46783.0,1.0,6
Jsoup,7,100.0,96.15,1.0,1.0,5562.0,0.0,7
Jsoup,8,86.33,75.0,1.0,1.0,7589.0,0.0,8
Jsoup,9,,,0.0,0.0,44011.0,1.0,9
Jsoup,10,94.81,79.17,1.0,1.0,8934.0,0.0,10
Jsoup,11,95.96,93.33,1.0,1.0,9721.0,0.0,11
Jsoup,12,93.12,87.12,1.0,1.0,8661.0,0.0,12
Jsoup,13,86.6,70.31,1.0,1.0,8173.0,0.0,13
Jsoup,14,,,0.0,0.0,26606.0,1.0,14
Jsoup,16,100.0,100.0,1.0,1.0,4092.0,0.0,16
Jsoup,17,53.57,44.98,1.0,1.0,20298.0,1.0,17
Jsoup,18,97.94,80.49,1.0,1.0,5705.0,0.0,18
Jsoup,19,95.24,73.08,1.0,1.0,9511.0,0.0,19
Jsoup,20,95.45,86.36,1.0,1.0,6820.0,0.0,20
Jsoup,21,89.42,83.33,0.5,0.5,14033.0,0.5,21
Jsoup,22,62.37,58.46,0.3333333333333333,0.3333333333333333,37149.0,1.0,22
Jsoup,23,85.25,71.05,0.5,0.5,16623.5,0.5,23
Jsoup,24,47.95,38.14,1.0,1.0,19582.0,1.0,24
Jsoup,25,90.0,47.83,1.0,1.0,6058.0,0.0,25
Jsoup,26,100.0,100.0,1.0,1.0,5420.0,0.0,26
Jsoup,27,95.83,83.33,1.0,1.0,6164.0,0.0,27
Jsoup,28,,,0.0,0.0,21870.333333333332,1.0,28
Jsoup,29,94.02,94.44,1.0,1.0,7269.0,0.0,29
Jsoup,30,100.0,100.0,1.0,1.0,5966.0,0.0,30
Jsoup,31,,,0.0,0.0,26529.0,1.0,31
Jsoup,32,75.25,73.57,1.0,1.0,16305.0,0.0,32
Jsoup,33,,,0.0,0.0,22283.0,1.0,33
Jsoup,34,98.53,83.08,1.0,1.0,6075.0,0.0,34
Jsoup,35,58.26,50.47,1.0,1.0,30039.0,1.0,35
Jsoup,36,93.33,73.68,1.0,1.0,7484.0,0.0,36
Jsoup,37,76.22,62.5,1.0,1.0,15819.0,0.0,37
Jsoup,38,60.62,51.0,1.0,1.0,26669.0,1.0,38
Jsoup,39,92.0,82.61,1.0,1.0,7975.0,0.0,39
Jsoup,40,100.0,83.33,1.0,1.0,3919.0,0.0,40
Jsoup,42,100.0,95.83,1.0,1.0,5105.0,0.0,42
Jsoup,43,78.35,62.64,1.0,1.0,15832.0,0.0,43
Jsoup,44,,,0.0,0.0,11025.5,1.0,44
Jsoup,45,70.21,54.46,1.0,1.0,11689.0,0.0,45
Jsoup,46,97.46,100.0,1.0,1.0,6882.0,0.0,46
Jsoup,47,95.76,94.12,1.0,1.0,6491.0,0.0,47
Jsoup,48,,,0.0,0.0,21331.0,1.0,48
Jsoup,49,94.37,79.41,1.0,1.0,11656.0,0.0,49
Jsoup,50,92.22,84.0,1.0,1.0,9605.0,0.0,50
Jsoup,51,,,0.0,0.0,6603.0,0.0,51
Jsoup,52,45.385,32.11,0.6666666666666666,0.6666666666666666,15977.0,0.6666666666666666,52
Jsoup,53,93.85,87.04,1.0,1.0,7446.0,0.0,53
Jsoup,54,94.37,96.15,1.0,1.0,6184.0,0.0,54
Jsoup,55,,,0.0,0.0,28133.0,1.0,55
Jsoup,56,,,0.0,0.0,57453.8,1.0,56
Jsoup,57,86.61,80.26,1.0,1.0,6530.0,0.0,57
Jsoup,58,84.25,81.25,0.3333333333333333,0.3333333333333333,17190.333333333332,0.6666666666666666,58
Jsoup,59,98.75,86.36,1.0,1.0,6730.0,0.0,59
Jsoup,60,81.92,71.32,0.5,0.5,10663.0,0.0,60
Jsoup,62,,,0.0,0.0,20617.0,0.0,62
Jsoup,63,27.99,26.35,0.5,0.5,23008.0,1.0,63
Jsoup,64,,,0.0,0.0,29073.0,1.0,64
Jsoup,65,,,0.0,0.0,12872.0,1.0,65
Jsoup,66,78.46,54.41,1.0,1.0,18626.0,0.0,66
Jsoup,67,,,0.0,0.0,13917.0,1.0,67
Jsoup,68,74.08,57.35,1.0,1.0,14871.0,0.0,68
Jsoup,69,100.0,96.43,1.0,1.0,5974.0,0.0,69
Jsoup,70,81.98,66.02,1.0,1.0,18993.0,0.0,70
Jsoup,71,63.025,46.575,1.0,1.0,23781.5,0.5,71
Jsoup,72,92.98,76.26,1.0,1.0,9034.0,0.0,72
Jsoup,73,94.37,92.86,1.0,1.0,6558.0,0.0,73
Jsoup,74,95.18,91.89,1.0,1.0,5454.0,0.0,74
Jsoup,75,94.05,88.1,1.0,1.0,8261.0,0.0,75
Jsoup,76,,,0.0,0.0,28771.0,1.0,76
Jsoup,77,,,0.0,0.0,12617.0,1.0,77
Jsoup,78,93.58,77.27,1.0,1.0,8912.0,0.0,78
Jsoup,79,100.0,92.86,1.0,1.0,5106.0,0.0,79
Jsoup,80,,,0.0,0.0,12011.0,1.0,80
Jsoup,81,88.03,67.02,1.0,1.0,10006.0,0.0,81
Jsoup,82,87.61,62.5,1.0,1.0,11995.0,0.0,82
Jsoup,83,,,0.0,0.0,29938.5,1.0,83
Jsoup,84,94.74,96.43,1.0,1.0,6873.0,0.0,84
Jsoup,85,89.23,68.0,1.0,1.0,5810.0,0.0,85
Jsoup,86,,,0.0,0.0,9092.0,1.0,86
Jsoup,87,,,0.0,0.0,35200.5,0.5,87
Jsoup,88,92.42,70.0,1.0,1.0,5902.0,0.0,88
Jsoup,89,89.39,66.0,1.0,1.0,6470.0,0.0,89
Jsoup,90,,,0.0,0.0,22846.0,1.0,90
Jsoup,91,,,0.0,0.0,12861.5,1.0,91
Jsoup,92,,,0.0,0.0,21720.0,1.0,92
Jsoup,93,100.0,96.43,1.0,1.0,6693.0,0.0,93
JxPath,1,32.730000000000004,28.42,1.0,1.0,33982.5,1.0,1
JxPath,2,86.84,66.67,1.0,1.0,6153.0,0.0,2
JxPath,3,,,0.0,0.0,13365.0,1.0,3
JxPath,4,17.465,15.2,1.0,0.5,35883.5,1.0,4
JxPath,5,71.51,61.54,1.0,1.0,12199.0,0.0,5
JxPath,6,,,0.0,0.0,13749.0,1.0,6
JxPath,7,,,0.0,0.0,25408.0,1.0,7
JxPath,8,92.31,90.62,1.0,1.0,18537.0,1.0,8
JxPath,9,,,0.0,0.0,23430.0,1.0,9
JxPath,10,,,0.0,0.0,7473.0,1.0,10
JxPath,11,20.0,17.26,1.0,0.5,19263.0,1.0,11
JxPath,12,,,0.0,0.0,18252.0,1.0,12
JxPath,13,,,0.0,0.0,20602.0,1.0,13
JxPath,14,46.48,40.57,1.0,1.0,12597.0,0.0,14
JxPath,15,100.0,100.0,1.0,1.0,6712.0,0.0,15
JxPath,16,36.51,32.6,0.5,0.5,38195.5,1.0,16
JxPath,17,20.795,18.025,1.0,0.5,20255.0,1.0,17
JxPath,18,0.0,0.0,1.0,0.0,11218.0,1.0,18
JxPath,19,0.0,0.0,1.0,0.0,12817.0,1.0,19
JxPath,20,,,0.0,0.0,15648.0,1.0,20
JxPath,21,81.43,59.62,1.0,1.0,7573.0,0.0,21
JxPath,22,,,0.0,0.0,23416.0,1.0,22
Lang,1,89.87,70.12,1.0,1.0,19519.0,0.0,1
Lang,3,89.81,70.66,1.0,1.0,21502.0,0.0,3
Lang,4,100.0,100.0,1.0,1.0,5851.0,0.0,4
Lang,5,100.0,94.64,1.0,1.0,7102.0,0.0,5
Lang,6,93.33,100.0,1.0,1.0,6171.0,0.0,6
Lang,7,85.79,67.76,1.0,1.0,18268.0,0.0,7
Lang,8,96.14,88.67,1.0,1.0,15237.0,0.0,8
Lang,9,90.48,81.3,1.0,1.0,13592.0,0.0,9
Lang,10,,,0.0,0.0,18941.0,1.0,10
Lang,11,92.86,94.44,1.0,1.0,8262.0,0.0,11
Lang,12,92.31,93.75,1.0,1.0,6599.0,0.0,12
Lang,13,78.12,85.71,1.0,1.0,6586.0,0.0,13
Lang,14,76.01,64.5,1.0,1.0,83889.0,0.0,14
Lang,15,,,0.0,0.0,25498.0,1.0,15
Lang,16,85.6,68.44,1.0,1.0,18414.0,0.0,16
Lang,17,93.94,100.0,1.0,1.0,6314.0,0.0,17
Lang,19,100.0,94.44,1.0,1.0,4712.0,0.0,19
Lang,20,68.64,56.22,1.0,1.0,82192.0,0.0,20
Lang,21,83.39,66.97,1.0,1.0,28196.0,0.0,21
Lang,22,83.81,64.36,1.0,1.0,13457.0,0.0,22
Lang,23,,,0.0,0.0,9062.0,0.0,23
Lang,24,85.64,69.66,1.0,1.0,19223.0,0.0,24
Lang,26,85.59,66.67,1.0,1.0,19476.0,0.0,26
Lang,27,87.17,73.86,1.0,1.0,19702.0,0.0,27
Lang,28,100.0,100.0,1.0,1.0,4785.0,0.0,28
Lang,29,94.33,86.0,1.0,1.0,22786.0,0.0,29
Lang,31,,,0.0,0.0,87590.0,1.0,31
Lang,32,91.78,89.53,1.0,1.0,12528.0,0.0,32
Lang,33,93.01,84.72,1.0,1.0,16119.0,0.0,33
Lang,34,92.62,75.46,1.0,1.0,32965.0,1.0,34
Lang,35,20.54,15.63,1.0,1.0,56031.0,0.0,35
Lang,36,82.7,67.15,1.0,1.0,19416.0,0.0,36
Lang,37,24.5,18.28,1.0,1.0,55034.0,1.0,37
Lang,38,93.75,81.58,1.0,1.0,19767.0,0.0,38
Lang,39,,,0.0,0.0,75728.0,1.0,39
Lang,40,80.38,69.61,1.0,1.0,73018.0,0.0,40
Lang,41,92.67,80.81,1.0,1.0,16084.0,0.0,41
Lang,42,92.27,93.75,1.0,1.0,17576.0,0.0,42
Lang,43,,,0.0,0.0,7422.0,0.0,43
Lang,44,85.79,64.81,1.0,1.0,10418.0,0.0,44
Lang,45,94.93,95.1,1.0,1.0,15186.0,1.0,45
Lang,46,89.59,95.33,1.0,1.0,13655.0,0.0,46
Lang,47,68.1,51.42,1.0,1.0,29469.0,1.0,47
Lang,49,84.42,67.93,1.0,1.0,13828.0,0.0,49
Lang,50,89.72,77.16,1.0,1.0,20936.0,0.0,50
Lang,51,100.0,90.09,1.0,1.0,16023.0,0.0,51
Lang,52,93.14,100.0,1.0,1.0,12891.0,0.0,52
Lang,53,80.65,63.43,1.0,1.0,16557.0,0.0,53
Lang,54,100.0,87.5,1.0,1.0,7620.0,0.0,54
Lang,55,98.25,96.15,1.0,1.0,5766.0,0.0,55
Lang,56,91.81,79.31,1.0,1.0,18894.0,0.0,56
Lang,57,100.0,84.38,1.0,1.0,6622.0,0.0,57
Lang,58,80.0,66.9,1.0,1.0,20224.0,0.0,58
Lang,59,,,0.0,0.0,32794.0,1.0,59
Lang,60,,,0.0,0.0,35195.0,1.0,60
Lang,61,,,0.0,0.0,37736.0,1.0,61
Lang,62,95.85,96.67,1.0,1.0,15615.0,0.0,62
Lang,63,97.62,90.37,1.0,1.0,10686.0,0.0,63
Lang,64,100.0,100.0,1.0,1.0,5436.0,0.0,64
Lang,65,82.56,66.44,1.0,1.0,16232.0,0.0,65
Math,1,44.47,40.105000000000004,1.0,1.0,21040.0,1.0,1
Math,2,100.0,100.0,1.0,1.0,8985.0,0.0,2
Math,3,79.1,57.26,1.0,1.0,20655.0,0.0,3
Math,4,49.405,42.045,1.0,1.0,21085.5,1.0,4
Math,5,74.34,65.88,1.0,1.0,17456.0,0.0,5
Math,6,16.5275,14.015,0.5714285714285714,0.5714285714285714,43829.142857142855,1.0,6
Math,7,53.08,28.0,1.0,1.0,10162.0,1.0,7
Math,8,97.5,95.83,1.0,1.0,5335.0,0.0,8
Math,9,97.83,100.0,1.0,1.0,8189.0,0.0,9
Math,11,100.0,100.0,1.0,1.0,7356.0,0.0,11
Math,12,100.0,92.86,1.0,1.0,6224.0,0.0,12
Math,14,59.805,57.14,1.0,1.0,12102.5,0.5,14
Math,17,,,0.0,0.0,27936.0,0.0,17
Math,18,94.12,84.42,1.0,1.0,20130.0,0.0,18
Math,19,94.41,83.82,1.0,1.0,19615.0,0.0,19
Math,20,92.6,83.21,1.0,1.0,20129.0,0.0,20
Math,21,100.0,100.0,1.0,1.0,6436.0,0.0,21
Math,22,,,0.0,0.0,16588.5,1.0,22
Math,23,98.35,90.54,1.0,1.0,7788.0,0.0,23
Math,24,94.17,85.14,1.0,1.0,7033.0,0.0,24
Math,25,84.04,64.29,1.0,1.0,9121.0,0.0,25
Math,26,89.62,77.66,1.0,1.0,11188.0,0.0,26
Math,27,80.33,63.83,1.0,1.0,10024.0,0.0,27
Math,28,94.94,89.58,1.0,1.0,8046.0,0.0,28
Math,30,100.0,100.0,1.0,1.0,6432.0,0.0,30
Math,31,98.31,83.33,1.0,1.0,6447.0,0.0,31
Math,32,,,0.0,0.0,9457.0,1.0,32
Math,33,97.3,88.71,1.0,1.0,11770.0,0.0,33
Math,35,100.0,100.0,1.0,1.0,4736.0,0.0,35
Math,36,91.74,88.04,1.0,1.0,21398.0,1.0,36
Math,38,92.0,87.66,1.0,1.0,35814.0,0.0,38
Math,39,100.0,100.0,1.0,1.0,9708.0,0.0,39
Math,40,93.65,80.3,1.0,1.0,7667.0,0.0,40
Math,41,94.64,82.61,1.0,1.0,11125.0,0.0,41
Math,43,86.98,60.34,1.0,1.0,12199.0,0.0,43
Math,44,,,0.0,0.0,9818.0,1.0,44
Math,45,100.0,100.0,1.0,1.0,7941.0,0.0,45
Math,47,84.08,66.2,1.0,1.0,16567.0,0.0,47
Math,48,84.93,58.7,1.0,1.0,7388.0,0.0,48
Math,50,84.0,58.33,1.0,1.0,7396.0,0.0,50
Math,52,61.58,30.33,1.0,1.0,19708.0,1.0,52
Math,53,98.24,88.6,1.0,1.0,16917.0,0.0,53
Math,55,98.28,83.33,1.0,1.0,11831.0,0.0,55
Math,56,97.33,94.12,1.0,1.0,5955.0,0.0,56
Math,57,55.83,48.15,1.0,1.0,8976.0,1.0,57
Math,58,80.21,63.79,1.0,1.0,8580.0,0.0,58
Math,59,,,0.0,0.0,50538.0,1.0,59
Math,60,87.23,77.78,1.0,1.0,6524.0,0.0,60
Math,61,100.0,100.0,1.0,1.0,5867.0,0.0,61
Math,62,,,0.0,0.0,8356.0,1.0,62
Math,63,66.99,58.96,1.0,1.0,25949.0,1.0,63
Math,65,100.0,100.0,1.0,1.0,9609.0,0.0,65
Math,66,100.0,93.1,1.0,1.0,6457.0,0.0,66
Math,67,93.55,91.18,1.0,1.0,10111.0,0.0,67
Math,68,,,0.0,0.0,24128.0,1.0,68
Math,69,100.0,100.0,1.0,1.0,7925.0,0.0,69
Math,70,100.0,100.0,1.0,1.0,4691.0,0.0,70
Math,71,36.55,38.78,0.5,0.5,28889.0,1.0,71
Math,72,92.52,85.19,1.0,1.0,8047.0,0.0,72
Math,73,95.19,88.46,1.0,1.0,8744.0,0.0,73
Math,74,,,0.0,0.0,23271.0,1.0,74
Math,75,91.79,83.33,1.0,1.0,9368.0,0.0,75
Math,76,99.25,92.59,1.0,1.0,9054.0,0.0,76
Math,77,,,0.0,0.0,41211.5,1.0,77
Math,78,82.22,64.0,1.0,1.0,9209.0,0.0,78
Math,79,,,0.0,0.0,33417.0,1.0,79
Math,80,78.71,64.25,1.0,1.0,25692.0,0.0,80
Math,81,88.06,75.6,1.0,1.0,29991.0,0.0,81
Math,82,96.67,94.44,1.0,1.0,7498.0,0.0,82
Math,83,,,0.0,0.0,20885.0,1.0,83
Math,84,100.0,100.0,1.0,1.0,5593.0,0.0,84
Math,85,94.74,90.91,1.0,1.0,6491.0,0.0,85
Math,86,,,0.0,0.0,14139.0,1.0,86
Math,87,,,0.0,0.0,23593.0,1.0,87
Math,88,,,0.0,0.0,10752.0,1.0,88
Math,89,94.44,90.62,1.0,1.0,7920.0,0.0,89
Math,90,95.28,87.5,1.0,1.0,8644.0,0.0,90
Math,91,93.87,80.0,1.0,1.0,9511.0,0.0,91
Math,92,78.79,78.48,1.0,1.0,18440.0,0.0,92
Math,93,70.35,62.21,1.0,1.0,16509.0,0.0,93
Math,94,84.89,84.19,1.0,1.0,16945.0,0.0,94
Math,95,100.0,100.0,1.0,1.0,5802.0,0.0,95
Math,96,97.89,90.2,1.0,1.0,16092.0,0.0,96
Math,97,91.01,84.78,1.0,1.0,6894.0,0.0,97
Math,98,,,0.0,0.0,37215.0,0.5,98
Math,99,,,0.0,0.0,27173.0,1.0,99
Math,100,100.0,100.0,1.0,1.0,8520.0,0.0,100
Math,101,93.71,94.23,1.0,1.0,8835.0,0.0,101
Math,102,95.5,86.05,1.0,1.0,8432.0,0.0,102
Math,103,100.0,100.0,1.0,1.0,5542.0,0.0,103
Math,104,95.74,100.0,1.0,1.0,7358.0,0.0,104
Math,105,100.0,100.0,1.0,1.0,9800.0,0.0,105
Math,106,94.74,93.33,1.0,1.0,5579.0,0.0,106
Mockito,1,,,0.0,0.0,15200.0,1.0,1
Mockito,2,,,0.0,0.0,5419.0,1.0,2
Mockito,3,,,0.0,0.0,14849.0,1.0,3
Mockito,4,,,0.0,0.0,26922.0,1.0,4
Mockito,5,,,0.0,0.0,14398.0,1.0,5
Mockito,6,,,0.0,0.0,22109.0,1.0,6
Mockito,7,,,0.0,0.0,10504.0,1.0,7
Mockito,8,,,0.0,0.0,18905.0,1.0,8
Mockito,9,,,0.0,0.0,9289.0,1.0,9
Mockito,10,,,0.0,0.0,11719.0,1.0,10
Mockito,11,,,0.0,0.0,8171.0,1.0,11
Mockito,12,100.0,75.0,1.0,1.0,4636.0,0.0,12
Mockito,13,,,0.0,0.0,11641.0,1.0,13
Mockito,14,,,0.0,0.0,16913.0,1.0,14
Mockito,15,100.0,100.0,1.0,1.0,4411.0,0.0,15
Mockito,16,79.81,61.54,0.5,0.5,22502.5,0.5,16
Mockito,17,,,0.0,0.0,13625.5,1.0,17
Mockito,18,,,0.0,0.0,10552.0,1.0,18
Mockito,19,,,0.0,0.0,34972.6,1.0,19
Mockito,20,,,0.0,0.0,17149.0,1.0,20
Mockito,21,,,0.0,0.0,7910.0,1.0,21
Mockito,22,92.31,100.0,1.0,1.0,4548.0,0.0,22
Mockito,23,90.91,62.5,1.0,1.0,4923.0,0.0,23
Mockito,24,86.36,83.33,1.0,1.0,6385.0,0.0,24
Mockito,25,95.65,83.33,1.0,1.0,4639.0,0.0,25
Mockito,26,100.0,100.0,1.0,1.0,4174.0,0.0,26
Mockito,27,97.62,95.45,1.0,1.0,5662.0,0.0,27
Mockito,28,100.0,100.0,1.0,1.0,15160.0,1.0,28
Mockito,29,100.0,100.0,1.0,1.0,3508.0,0.0,29
Mockito,30,18.75,42.86,0.5,0.5,24421.5,1.0,30
Mockito,31,94.74,100.0,1.0,1.0,4456.0,0.0,31
Mockito,32,91.3,100.0,1.0,1.0,5339.0,0.0,32
Mockito,33,,,0.0,0.0,16138.0,1.0,33
Mockito,34,,,0.0,0.0,14363.0,1.0,34
Mockito,35,98.04,,1.0,1.0,10687.0,0.0,35
Mockito,36,94.29,78.57,1.0,1.0,8073.0,0.0,36
Mockito,37,,,0.0,0.0,6624.0,1.0,37
Mockito,38,100.0,100.0,1.0,1.0,13271.0,1.0,38
Time,1,14.29,11.86,0.5,0.5,24619.0,1.0,1
Time,2,13.47,7.63,0.5,0.5,22834.0,1.0,2
Time,3,64.29,51.16,1.0,1.0,18907.0,1.0,3
Time,4,,,0.0,0.0,23332.0,1.0,4
Time,5,,,0.0,0.0,31979.0,1.0,5
Time,6,75.62,55.95,1.0,1.0,16896.0,0.0,6
Time,7,87.98,63.64,1.0,1.0,16258.0,0.0,7
Time,8,83.94,72.47,1.0,1.0,25749.0,1.0,8
Time,9,85.75,73.53,1.0,1.0,28497.0,1.0,9
Time,10,98.59,100.0,1.0,1.0,9588.0,0.0,10
Time,11,,,0.0,0.0,21738.0,1.0,11
Time,12,,,0.0,0.0,50428.5,1.0,12
Time,13,,,0.0,0.0,29857.0,1.0,13
Time,14,81.58,73.91,1.0,1.0,10107.0,0.0,14
Time,15,,,0.0,0.0,14402.0,1.0,15
Time,16,87.44,62.5,1.0,1.0,15441.0,0.0,16
Time,17,75.51,59.26,1.0,1.0,18023.0,0.0,17
Time,18,72.38,49.34,1.0,1.0,14943.0,0.0,18
Time,19,74.93,61.11,1.0,1.0,17733.0,0.0,19
Time,20,40.27,27.67,1.0,1.0,28798.0,1.0,20
Time,22,,,0.0,0.0,22559.0,1.0,22
Time,23,80.41,64.2,1.0,1.0,17992.0,0.0,23
Time,24,,,0.0,0.0,19206.0,1.0,24
Time,25,,,0.0,0.0,25298.0,1.0,25
Time,26,43.83,29.375,0.6666666666666666,0.6666666666666666,44024.0,1.0,26
