Project,GWO_Average_Line_Coverage,GWO_Bug_Count,Zest_Average_Line_Coverage,Zest_Bug_Count,Gemini_Average_Line_Coverage,Gemini_Bug_Count,DeepSeek_Average_Line_Coverage,DeepSeek_Bug_Count
Chart,73.62,26,32.26,52,78.54,17,72.34,18
Cli,90.18,89,56.15,12,19.91,33,0.00,18
Closure,41.00,216,11.86,131,62.11,37,41.55,8
Codec,82.16,25,70.44,36,81.28,19,63.60,17
Collections,78.84,25,49.80,28,90.08,23,79.47,15
Compress,66.30,54,33.52,47,83.91,35,67.06,40
Csv,89.94,17,25.48,16,90.74,12,86.38,7
Gson,59.20,20,32.34,18,72.01,11,64.19,11
JacksonCore,54.62,34,22.17,26,75.96,11,52.29,11
JacksonDatabind,64.42,98,19.04,110,76.52,22,63.52,17
JacksonXml,28.17,6,8.89,6,63.60,3,48.53,3
Jsoup,72.72,124,35.92,90,84.90,67,69.96,77
JxPath,66.26,35,37.79,22,41.00,17,41.06,20
Lang,83.23,56,33.54,123,87.24,51,73.18,46
Math,86.40,101,34.05,104,84.18,83,74.56,73
Mockito,53.26,39,45.45,38,90.58,17,78.01,40
Time,,0,36.58,25,66.12,17,61.36,14
