method,project,bug_id,status,evidence_count
GWO,Chart,1,PASS,1
GWO,Chart,2,PASS,1
GWO,Chart,3,PASS,1
GWO,Chart,4,PASS,1
GWO,Chart,5,PASS,1
GWO,Chart,6,PASS,1
GWO,Chart,8,PASS,1
GWO,Chart,9,PASS,1
GWO,Chart,10,PASS,1
GWO,Chart,11,PASS,1
GWO,Chart,12,PASS,1
GWO,Chart,13,PASS,1
GWO,Chart,14,PASS,1
GWO,Chart,15,PASS,1
GWO,Chart,16,PASS,1
GWO,Chart,17,PASS,1
GWO,Chart,18,PASS,2
GWO,Chart,19,PASS,1
GWO,Chart,20,PASS,1
GWO,Chart,21,PASS,1
GWO,Chart,22,PASS,1
GWO,Chart,23,PASS,1
GWO,Chart,24,PASS,1
GWO,Chart,25,PASS,1
GWO,Chart,26,PASS,1
GWO,Cli,1,PASS,1
GWO,Cli,2,PASS,1
GWO,Cli,3,PASS,1
GWO,Cli,4,PASS,1
GWO,Cli,5,PASS,1
GWO,Cli,7,UNKNOWN,1
GWO,Cli,8,PASS,1
GWO,Cli,9,PASS,1
GWO,Cli,10,PASS,1
GWO,Cli,11,PASS,1
GWO,Cli,12,PASS,1
GWO,Cli,13,PASS,3
GWO,Cli,14,PASS,1
GWO,Cli,15,PASS,1
GWO,Cli,16,PASS,4
GWO,Cli,17,PASS,1
GWO,Cli,18,PASS,1
GWO,Cli,19,PASS,1
GWO,Cli,20,PASS,1
GWO,Cli,21,PASS,3
GWO,Cli,22,PASS,1
GWO,Cli,23,PASS,1
GWO,Cli,24,PASS,1
GWO,Cli,25,PASS,1
GWO,Cli,26,PASS,1
GWO,Cli,27,PASS,1
GWO,Cli,28,PASS,1
GWO,Cli,29,PASS,1
GWO,Cli,30,PASS,2
GWO,Cli,31,PASS,3
GWO,Cli,32,PASS,1
GWO,Cli,33,PASS,1
GWO,Cli,34,PASS,2
GWO,Cli,35,PASS,1
GWO,Cli,36,PASS,2
GWO,Cli,37,PASS,1
GWO,Cli,38,PASS,1
GWO,Cli,39,PASS,1
GWO,Cli,40,PASS,1
GWO,Closure,1,PASS,1
GWO,Closure,2,PASS,1
GWO,Closure,3,PASS,1
GWO,Closure,4,PASS,1
GWO,Closure,5,PASS,1
GWO,Closure,6,PASS,1
GWO,Closure,7,PASS,1
GWO,Closure,8,PASS,1
GWO,Closure,9,PASS,1
GWO,Closure,10,PASS,1
GWO,Closure,11,PASS,1
GWO,Closure,12,PASS,1
GWO,Closure,13,PASS,1
GWO,Closure,14,PASS,1
GWO,Closure,15,PASS,1
GWO,Closure,16,UNKNOWN,1
GWO,Closure,17,PASS,1
GWO,Closure,18,PASS,1
GWO,Closure,19,PASS,1
GWO,Closure,20,PASS,1
GWO,Closure,21,PASS,1
GWO,Closure,22,PASS,1
GWO,Closure,23,PASS,1
GWO,Closure,24,UNKNOWN,1
GWO,Closure,25,PASS,1
GWO,Closure,26,PASS,1
GWO,Closure,27,PASS,1
GWO,Closure,28,PASS,1
GWO,Closure,29,PASS,1
GWO,Closure,30,PASS,2
GWO,Closure,31,PASS,1
GWO,Closure,32,PASS,1
GWO,Closure,33,PASS,1
GWO,Closure,34,PASS,2
GWO,Closure,35,PASS,1
GWO,Closure,36,PASS,1
GWO,Closure,37,PASS,2
GWO,Closure,38,PASS,1
GWO,Closure,39,PASS,1
GWO,Closure,40,PASS,1
GWO,Closure,41,UNKNOWN,1
GWO,Closure,42,PASS,1
GWO,Closure,43,PASS,1
GWO,Closure,44,PASS,1
GWO,Closure,45,PASS,1
GWO,Closure,46,PASS,1
GWO,Closure,47,PASS,2
GWO,Closure,48,PASS,1
GWO,Closure,49,PASS,1
GWO,Closure,50,PASS,1
GWO,Closure,51,PASS,1
GWO,Closure,52,PASS,1
GWO,Closure,53,PASS,1
GWO,Closure,54,PASS,2
GWO,Closure,55,PASS,1
GWO,Closure,56,PASS,1
GWO,Closure,57,PASS,1
GWO,Closure,58,PASS,1
GWO,Closure,59,PASS,1
GWO,Closure,60,PASS,1
GWO,Closure,61,PASS,1
GWO,Closure,62,PASS,1
GWO,Closure,64,PASS,1
GWO,Closure,65,PASS,1
GWO,Closure,66,PASS,1
GWO,Closure,67,PASS,1
GWO,Closure,68,PASS,1
GWO,Closure,69,PASS,1
GWO,Closure,70,PASS,1
GWO,Closure,71,PASS,1
GWO,Closure,72,PASS,2
GWO,Closure,73,PASS,1
GWO,Closure,74,PASS,1
GWO,Closure,75,PASS,1
GWO,Closure,76,PASS,1
GWO,Closure,77,PASS,1
GWO,Closure,78,PASS,1
GWO,Closure,79,PASS,2
GWO,Closure,80,PASS,1
GWO,Closure,81,PASS,1
GWO,Closure,82,PASS,1
GWO,Closure,83,PASS,1
GWO,Closure,84,PASS,1
GWO,Closure,85,PASS,1
GWO,Closure,86,PASS,1
GWO,Closure,87,PASS,1
GWO,Closure,88,PASS,1
GWO,Closure,89,PASS,2
GWO,Closure,90,PASS,2
GWO,Closure,91,PASS,1
GWO,Closure,92,PASS,1
GWO,Closure,94,PASS,1
GWO,Closure,95,PASS,1
GWO,Closure,96,PASS,1
GWO,Closure,97,PASS,1
GWO,Closure,98,PASS,1
GWO,Closure,99,PASS,1
GWO,Closure,100,PASS,1
GWO,Closure,101,PASS,1
GWO,Closure,102,PASS,1
GWO,Closure,103,PASS,2
GWO,Closure,104,PASS,1
GWO,Closure,105,PASS,1
GWO,Closure,106,PASS,2
GWO,Closure,107,PASS,1
GWO,Closure,108,PASS,1
GWO,Closure,109,PASS,1
GWO,Closure,110,PASS,2
GWO,Closure,111,PASS,1
GWO,Closure,112,PASS,1
GWO,Closure,113,PASS,1
GWO,Closure,114,PASS,1
GWO,Closure,115,PASS,1
GWO,Closure,116,PASS,1
GWO,Closure,117,PASS,1
GWO,Closure,118,PASS,1
GWO,Closure,119,PASS,1
GWO,Closure,120,PASS,1
GWO,Closure,121,PASS,1
GWO,Closure,122,PASS,1
GWO,Closure,123,PASS,1
GWO,Closure,124,PASS,1
GWO,Closure,125,PASS,1
GWO,Closure,126,PASS,1
GWO,Closure,127,PASS,1
GWO,Closure,128,PASS,1
GWO,Closure,129,PASS,1
GWO,Closure,130,PASS,1
GWO,Closure,131,PASS,1
GWO,Closure,132,PASS,1
GWO,Closure,133,PASS,1
GWO,Closure,134,PASS,2
GWO,Closure,135,PASS,2
GWO,Closure,136,UNKNOWN,2
GWO,Closure,137,PASS,3
GWO,Closure,138,PASS,2
GWO,Closure,139,PASS,1
GWO,Closure,140,PASS,1
GWO,Closure,141,PASS,2
GWO,Closure,142,PASS,2
GWO,Closure,143,PASS,2
GWO,Closure,144,UNKNOWN,4
GWO,Closure,145,PASS,1
GWO,Closure,146,PASS,1
GWO,Closure,147,UNKNOWN,2
GWO,Closure,148,PASS,2
GWO,Closure,149,PASS,4
GWO,Closure,150,PASS,1
GWO,Closure,151,PASS,1
GWO,Closure,152,PASS,1
GWO,Closure,153,PASS,2
GWO,Closure,154,PASS,2
GWO,Closure,155,PASS,3
GWO,Closure,156,PASS,1
GWO,Closure,157,UNKNOWN,3
GWO,Closure,158,PASS,3
GWO,Closure,159,PASS,1
GWO,Closure,160,PASS,1
GWO,Closure,161,PASS,1
GWO,Closure,162,UNKNOWN,2
GWO,Closure,163,PASS,2
GWO,Closure,164,PASS,1
GWO,Closure,165,PASS,4
GWO,Closure,166,PASS,1
GWO,Closure,167,PASS,2
GWO,Closure,168,PASS,1
GWO,Closure,169,UNKNOWN,6
GWO,Closure,170,PASS,1
GWO,Closure,171,PASS,2
GWO,Closure,172,PASS,1
GWO,Closure,173,PASS,2
GWO,Closure,174,PASS,3
GWO,Closure,175,PASS,1
GWO,Closure,176,PASS,1
GWO,Codec,1,PASS,1
GWO,Codec,2,PASS,1
GWO,Codec,3,PASS,1
GWO,Codec,4,PASS,1
GWO,Codec,5,PASS,1
GWO,Codec,6,PASS,1
GWO,Codec,7,PASS,1
GWO,Codec,9,PASS,1
GWO,Codec,10,PASS,1
GWO,Codec,11,PASS,1
GWO,Codec,12,PASS,1
GWO,Codec,13,PASS,1
GWO,Codec,14,PASS,1
GWO,Codec,15,PASS,1
GWO,Codec,16,PASS,1
GWO,Codec,17,PASS,1
GWO,Codec,18,PASS,1
GWO,Collections,1,UNKNOWN,2
GWO,Collections,2,PASS,1
GWO,Collections,3,UNKNOWN,2
GWO,Collections,4,UNKNOWN,2
GWO,Collections,5,UNKNOWN,2
GWO,Collections,6,PASS,1
GWO,Collections,7,PASS,1
GWO,Collections,8,PASS,1
GWO,Collections,9,PASS,1
GWO,Collections,10,PASS,1
GWO,Collections,11,PASS,1
GWO,Collections,12,PASS,1
GWO,Collections,13,PASS,1
GWO,Collections,14,PASS,1
GWO,Collections,15,PASS,1
GWO,Collections,16,PASS,1
GWO,Collections,17,PASS,1
GWO,Collections,19,PASS,1
GWO,Collections,20,PASS,1
GWO,Collections,21,PASS,1
GWO,Collections,22,PASS,1
GWO,Collections,23,PASS,1
GWO,Collections,24,PASS,1
GWO,Collections,26,PASS,1
GWO,Collections,27,PASS,1
GWO,Collections,28,PASS,1
GWO,Compress,1,PASS,1
GWO,Compress,2,PASS,1
GWO,Compress,3,PASS,1
GWO,Compress,4,PASS,1
GWO,Compress,5,PASS,1
GWO,Compress,6,PASS,1
GWO,Compress,7,PASS,1
GWO,Compress,8,PASS,1
GWO,Compress,9,PASS,1
GWO,Compress,10,PASS,1
GWO,Compress,11,PASS,1
GWO,Compress,12,PASS,1
GWO,Compress,14,PASS,1
GWO,Compress,15,PASS,1
GWO,Compress,16,PASS,1
GWO,Compress,17,PASS,1
GWO,Compress,18,PASS,1
GWO,Compress,19,PASS,1
GWO,Compress,20,PASS,1
GWO,Compress,21,PASS,1
GWO,Compress,22,PASS,1
GWO,Compress,23,PASS,1
GWO,Compress,24,PASS,1
GWO,Compress,25,PASS,1
GWO,Compress,26,PASS,1
GWO,Compress,27,PASS,1
GWO,Compress,28,PASS,1
GWO,Compress,29,PASS,7
GWO,Compress,30,PASS,1
GWO,Compress,31,PASS,1
GWO,Compress,32,PASS,1
GWO,Compress,33,PASS,2
GWO,Compress,34,PASS,1
GWO,Compress,35,PASS,1
GWO,Compress,36,PASS,1
GWO,Compress,37,PASS,1
GWO,Compress,38,PASS,1
GWO,Compress,39,PASS,1
GWO,Compress,40,PASS,1
GWO,Compress,41,PASS,1
GWO,Compress,42,PASS,2
GWO,Compress,43,PASS,1
GWO,Compress,44,PASS,1
GWO,Compress,45,PASS,1
GWO,Compress,46,PASS,1
GWO,Compress,47,PASS,1
GWO,Csv,1,PASS,1
GWO,Csv,2,PASS,1
GWO,Csv,3,PASS,1
GWO,Csv,4,PASS,1
GWO,Csv,5,PASS,1
GWO,Csv,6,PASS,1
GWO,Csv,7,PASS,1
GWO,Csv,8,PASS,1
GWO,Csv,9,PASS,1
GWO,Csv,10,PASS,1
GWO,Csv,11,PASS,1
GWO,Csv,12,PASS,1
GWO,Csv,13,PASS,2
GWO,Csv,14,PASS,1
GWO,Csv,15,PASS,1
GWO,Csv,16,PASS,1
GWO,Gson,1,PASS,1
GWO,Gson,2,PASS,1
GWO,Gson,3,PASS,1
GWO,Gson,4,PASS,2
GWO,Gson,5,PASS,1
GWO,Gson,6,PASS,1
GWO,Gson,7,PASS,1
GWO,Gson,8,UNKNOWN,1
GWO,Gson,9,PASS,3
GWO,Gson,10,PASS,1
GWO,Gson,11,PASS,1
GWO,Gson,12,PASS,1
GWO,Gson,13,PASS,1
GWO,Gson,14,PASS,1
GWO,Gson,15,PASS,1
GWO,Gson,16,PASS,1
GWO,Gson,17,PASS,1
GWO,Gson,18,PASS,1
GWO,JacksonCore,1,UNKNOWN,2
GWO,JacksonCore,2,PASS,2
GWO,JacksonCore,3,PASS,1
GWO,JacksonCore,4,UNKNOWN,1
GWO,JacksonCore,5,PASS,1
GWO,JacksonCore,6,PASS,1
GWO,JacksonCore,7,PASS,1
GWO,JacksonCore,8,UNKNOWN,1
GWO,JacksonCore,9,PASS,3
GWO,JacksonCore,10,PASS,1
GWO,JacksonCore,11,PASS,1
GWO,JacksonCore,12,PASS,2
GWO,JacksonCore,13,PASS,1
GWO,JacksonCore,14,PASS,1
GWO,JacksonCore,15,PASS,1
GWO,JacksonCore,16,PASS,1
GWO,JacksonCore,17,PASS,1
GWO,JacksonCore,18,PASS,3
GWO,JacksonCore,19,PASS,2
GWO,JacksonCore,20,PASS,1
GWO,JacksonCore,21,PASS,1
GWO,JacksonCore,22,PASS,1
GWO,JacksonCore,23,PASS,1
GWO,JacksonCore,24,PASS,2
GWO,JacksonCore,25,PASS,1
GWO,JacksonCore,26,UNKNOWN,1
GWO,JacksonDatabind,1,UNKNOWN,1
GWO,JacksonDatabind,2,PASS,1
GWO,JacksonDatabind,3,PASS,1
GWO,JacksonDatabind,4,PASS,1
GWO,JacksonDatabind,5,UNKNOWN,1
GWO,JacksonDatabind,6,PASS,1
GWO,JacksonDatabind,7,PASS,1
GWO,JacksonDatabind,8,UNKNOWN,1
GWO,JacksonDatabind,9,PASS,1
GWO,JacksonDatabind,10,UNKNOWN,2
GWO,JacksonDatabind,11,UNKNOWN,1
GWO,JacksonDatabind,12,UNKNOWN,1
GWO,JacksonDatabind,13,UNKNOWN,2
GWO,JacksonDatabind,14,PASS,1
GWO,JacksonDatabind,15,FAIL,5
GWO,JacksonDatabind,16,UNKNOWN,1
GWO,JacksonDatabind,17,PASS,1
GWO,JacksonDatabind,18,PASS,1
GWO,JacksonDatabind,19,PASS,1
GWO,JacksonDatabind,20,PASS,1
GWO,JacksonDatabind,21,UNKNOWN,1
GWO,JacksonDatabind,22,UNKNOWN,2
GWO,JacksonDatabind,23,PASS,1
GWO,JacksonDatabind,24,PASS,1
GWO,JacksonDatabind,25,UNKNOWN,4
GWO,JacksonDatabind,26,UNKNOWN,1
GWO,JacksonDatabind,27,UNKNOWN,1
GWO,JacksonDatabind,28,PASS,1
GWO,JacksonDatabind,29,PASS,1
GWO,JacksonDatabind,30,PASS,2
GWO,JacksonDatabind,31,PASS,1
GWO,JacksonDatabind,32,UNKNOWN,1
GWO,JacksonDatabind,33,UNKNOWN,1
GWO,JacksonDatabind,34,PASS,1
GWO,JacksonDatabind,35,UNKNOWN,1
GWO,JacksonDatabind,36,PASS,1
GWO,JacksonDatabind,37,PASS,1
GWO,JacksonDatabind,38,PASS,3
GWO,JacksonDatabind,39,PASS,1
GWO,JacksonDatabind,40,PASS,1
GWO,JacksonDatabind,41,PASS,1
GWO,JacksonDatabind,42,PASS,1
GWO,JacksonDatabind,43,UNKNOWN,1
GWO,JacksonDatabind,44,PASS,1
GWO,JacksonDatabind,45,PASS,1
GWO,JacksonDatabind,46,PASS,1
GWO,JacksonDatabind,47,UNKNOWN,1
GWO,JacksonDatabind,48,UNKNOWN,2
GWO,JacksonDatabind,49,PASS,1
GWO,JacksonDatabind,50,PASS,1
GWO,JacksonDatabind,51,PASS,1
GWO,JacksonDatabind,52,UNKNOWN,2
GWO,JacksonDatabind,53,PASS,2
GWO,JacksonDatabind,54,PASS,1
GWO,JacksonDatabind,55,PASS,1
GWO,JacksonDatabind,56,PASS,1
GWO,JacksonDatabind,57,PASS,1
GWO,JacksonDatabind,58,PASS,1
GWO,JacksonDatabind,59,UNKNOWN,4
GWO,JacksonDatabind,60,UNKNOWN,1
GWO,JacksonDatabind,61,PASS,2
GWO,JacksonDatabind,62,PASS,1
GWO,JacksonDatabind,63,PASS,1
GWO,JacksonDatabind,64,PASS,1
GWO,JacksonDatabind,66,PASS,1
GWO,JacksonDatabind,67,PASS,1
GWO,JacksonDatabind,68,PASS,1
GWO,JacksonDatabind,69,PASS,1
GWO,JacksonDatabind,70,PASS,1
GWO,JacksonDatabind,71,UNKNOWN,1
GWO,JacksonDatabind,72,UNKNOWN,1
GWO,JacksonDatabind,73,PASS,2
GWO,JacksonDatabind,74,PASS,1
GWO,JacksonDatabind,75,PASS,1
GWO,JacksonDatabind,76,PASS,1
GWO,JacksonDatabind,77,PASS,1
GWO,JacksonDatabind,78,PASS,1
GWO,JacksonDatabind,79,UNKNOWN,3
GWO,JacksonDatabind,80,PASS,1
GWO,JacksonDatabind,81,UNKNOWN,1
GWO,JacksonDatabind,82,PASS,1
GWO,JacksonDatabind,83,PASS,1
GWO,JacksonDatabind,84,PASS,1
GWO,JacksonDatabind,85,PASS,1
GWO,JacksonDatabind,86,PASS,1
GWO,JacksonDatabind,87,PASS,1
GWO,JacksonDatabind,88,PASS,1
GWO,JacksonDatabind,90,PASS,2
GWO,JacksonDatabind,91,PASS,1
GWO,JacksonDatabind,92,UNKNOWN,1
GWO,JacksonDatabind,93,UNKNOWN,1
GWO,JacksonDatabind,94,PASS,1
GWO,JacksonDatabind,95,PASS,2
GWO,JacksonDatabind,96,PASS,1
GWO,JacksonDatabind,97,PASS,1
GWO,JacksonDatabind,98,PASS,1
GWO,JacksonDatabind,99,PASS,1
GWO,JacksonDatabind,100,PASS,1
GWO,JacksonDatabind,101,PASS,1
GWO,JacksonDatabind,102,PASS,1
GWO,JacksonDatabind,103,UNKNOWN,16
GWO,JacksonDatabind,104,PASS,1
GWO,JacksonDatabind,105,PASS,1
GWO,JacksonDatabind,106,PASS,1
GWO,JacksonDatabind,107,PASS,1
GWO,JacksonDatabind,108,PASS,1
GWO,JacksonDatabind,109,PASS,2
GWO,JacksonDatabind,110,UNKNOWN,1
GWO,JacksonDatabind,111,UNKNOWN,7
GWO,JacksonDatabind,112,PASS,1
GWO,JacksonXml,1,PASS,1
GWO,JacksonXml,2,PASS,1
GWO,JacksonXml,3,PASS,1
GWO,JacksonXml,4,PASS,1
GWO,JacksonXml,5,PASS,1
GWO,JacksonXml,6,PASS,1
GWO,Jsoup,1,PASS,1
GWO,Jsoup,2,PASS,1
GWO,Jsoup,3,PASS,3
GWO,Jsoup,4,PASS,1
GWO,Jsoup,5,UNKNOWN,1
GWO,Jsoup,6,PASS,1
GWO,Jsoup,7,PASS,1
GWO,Jsoup,8,PASS,1
GWO,Jsoup,9,PASS,1
GWO,Jsoup,10,PASS,1
GWO,Jsoup,11,PASS,1
GWO,Jsoup,12,PASS,1
GWO,Jsoup,13,PASS,1
GWO,Jsoup,14,UNKNOWN,2
GWO,Jsoup,15,PASS,1
GWO,Jsoup,16,PASS,1
GWO,Jsoup,17,PASS,1
GWO,Jsoup,18,PASS,1
GWO,Jsoup,19,PASS,1
GWO,Jsoup,20,PASS,1
GWO,Jsoup,21,PASS,2
GWO,Jsoup,22,PASS,3
GWO,Jsoup,23,PASS,2
GWO,Jsoup,24,PASS,1
GWO,Jsoup,25,PASS,1
GWO,Jsoup,26,PASS,1
GWO,Jsoup,27,PASS,1
GWO,Jsoup,28,PASS,3
GWO,Jsoup,29,PASS,1
GWO,Jsoup,30,PASS,1
GWO,Jsoup,31,PASS,3
GWO,Jsoup,32,PASS,1
GWO,Jsoup,33,PASS,1
GWO,Jsoup,34,PASS,1
GWO,Jsoup,35,PASS,1
GWO,Jsoup,36,PASS,1
GWO,Jsoup,37,PASS,1
GWO,Jsoup,38,PASS,1
GWO,Jsoup,39,PASS,1
GWO,Jsoup,40,PASS,1
GWO,Jsoup,41,PASS,1
GWO,Jsoup,42,PASS,1
GWO,Jsoup,43,PASS,1
GWO,Jsoup,44,PASS,1
GWO,Jsoup,45,PASS,1
GWO,Jsoup,46,PASS,1
GWO,Jsoup,47,PASS,1
GWO,Jsoup,48,PASS,1
GWO,Jsoup,49,PASS,1
GWO,Jsoup,50,PASS,1
GWO,Jsoup,51,PASS,1
GWO,Jsoup,52,PASS,3
GWO,Jsoup,53,PASS,1
GWO,Jsoup,54,PASS,1
GWO,Jsoup,55,PASS,1
GWO,Jsoup,56,PASS,5
GWO,Jsoup,57,PASS,1
GWO,Jsoup,58,PASS,3
GWO,Jsoup,59,PASS,1
GWO,Jsoup,60,PASS,2
GWO,Jsoup,61,PASS,1
GWO,Jsoup,62,PASS,1
GWO,Jsoup,63,PASS,2
GWO,Jsoup,64,PASS,1
GWO,Jsoup,65,PASS,2
GWO,Jsoup,66,PASS,1
GWO,Jsoup,67,PASS,1
GWO,Jsoup,68,PASS,1
GWO,Jsoup,69,PASS,1
GWO,Jsoup,70,PASS,1
GWO,Jsoup,71,UNKNOWN,3
GWO,Jsoup,72,PASS,1
GWO,Jsoup,73,PASS,1
GWO,Jsoup,74,PASS,1
GWO,Jsoup,75,PASS,1
GWO,Jsoup,76,PASS,1
GWO,Jsoup,77,PASS,1
GWO,Jsoup,78,PASS,1
GWO,Jsoup,79,PASS,1
GWO,Jsoup,80,PASS,1
GWO,Jsoup,81,PASS,1
GWO,Jsoup,82,PASS,1
GWO,Jsoup,83,PASS,2
GWO,Jsoup,84,PASS,1
GWO,Jsoup,85,PASS,1
GWO,Jsoup,86,PASS,1
GWO,Jsoup,87,PASS,4
GWO,Jsoup,88,PASS,1
GWO,Jsoup,89,PASS,1
GWO,Jsoup,90,PASS,1
GWO,Jsoup,91,PASS,2
GWO,Jsoup,92,PASS,5
GWO,Jsoup,93,PASS,1
GWO,JxPath,1,PASS,2
GWO,JxPath,2,PASS,1
GWO,JxPath,3,PASS,1
GWO,JxPath,4,PASS,2
GWO,JxPath,5,PASS,1
GWO,JxPath,6,PASS,1
GWO,JxPath,7,PASS,5
GWO,JxPath,8,PASS,1
GWO,JxPath,9,PASS,3
GWO,JxPath,10,PASS,1
GWO,JxPath,11,PASS,2
GWO,JxPath,12,PASS,1
GWO,JxPath,13,PASS,2
GWO,JxPath,14,PASS,1
GWO,JxPath,15,PASS,1
GWO,JxPath,16,PASS,2
GWO,JxPath,17,PASS,2
GWO,JxPath,18,PASS,1
GWO,JxPath,19,PASS,2
GWO,JxPath,20,PASS,1
GWO,JxPath,21,PASS,1
GWO,JxPath,22,PASS,1
GWO,Lang,1,PASS,1
GWO,Lang,3,PASS,1
GWO,Lang,4,PASS,1
GWO,Lang,5,PASS,1
GWO,Lang,6,PASS,1
GWO,Lang,7,PASS,1
GWO,Lang,8,PASS,1
GWO,Lang,9,PASS,1
GWO,Lang,10,PASS,1
GWO,Lang,11,PASS,1
GWO,Lang,12,PASS,1
GWO,Lang,13,PASS,1
GWO,Lang,14,PASS,1
GWO,Lang,15,PASS,1
GWO,Lang,16,PASS,1
GWO,Lang,17,PASS,1
GWO,Lang,19,PASS,1
GWO,Lang,20,PASS,1
GWO,Lang,21,PASS,1
GWO,Lang,22,PASS,1
GWO,Lang,23,PASS,1
GWO,Lang,24,PASS,1
GWO,Lang,26,PASS,1
GWO,Lang,27,PASS,1
GWO,Lang,28,PASS,1
GWO,Lang,29,PASS,1
GWO,Lang,30,PASS,1
GWO,Lang,31,PASS,1
GWO,Lang,32,PASS,1
GWO,Lang,33,PASS,1
GWO,Lang,34,PASS,1
GWO,Lang,35,PASS,1
GWO,Lang,36,PASS,1
GWO,Lang,37,PASS,1
GWO,Lang,38,PASS,1
GWO,Lang,39,PASS,1
GWO,Lang,40,PASS,1
GWO,Lang,41,PASS,1
GWO,Lang,42,PASS,1
GWO,Lang,43,PASS,1
GWO,Lang,44,PASS,1
GWO,Lang,45,PASS,1
GWO,Lang,46,PASS,1
GWO,Lang,47,PASS,1
GWO,Lang,49,PASS,1
GWO,Lang,50,PASS,1
GWO,Lang,51,PASS,1
GWO,Lang,52,PASS,1
GWO,Lang,53,PASS,1
GWO,Lang,54,PASS,1
GWO,Lang,55,PASS,1
GWO,Lang,56,PASS,1
GWO,Lang,57,PASS,1
GWO,Lang,58,PASS,1
GWO,Lang,59,PASS,1
GWO,Lang,60,PASS,1
GWO,Lang,61,PASS,1
GWO,Lang,62,PASS,1
GWO,Lang,63,PASS,1
GWO,Lang,64,PASS,1
GWO,Lang,65,PASS,1
GWO,Math,1,PASS,2
GWO,Math,2,PASS,1
GWO,Math,3,PASS,1
GWO,Math,4,PASS,2
GWO,Math,5,PASS,1
GWO,Math,6,PASS,7
GWO,Math,7,PASS,1
GWO,Math,8,PASS,1
GWO,Math,9,PASS,1
GWO,Math,10,PASS,1
GWO,Math,11,PASS,1
GWO,Math,12,PASS,1
GWO,Math,13,PASS,1
GWO,Math,14,PASS,2
GWO,Math,15,PASS,1
GWO,Math,16,PASS,1
GWO,Math,17,PASS,1
GWO,Math,18,PASS,1
GWO,Math,19,PASS,1
GWO,Math,20,PASS,1
GWO,Math,21,PASS,1
GWO,Math,22,PASS,2
GWO,Math,23,PASS,1
GWO,Math,24,PASS,1
GWO,Math,25,PASS,1
GWO,Math,26,PASS,1
GWO,Math,27,PASS,1
GWO,Math,28,PASS,1
GWO,Math,29,PASS,1
GWO,Math,30,PASS,1
GWO,Math,31,PASS,1
GWO,Math,32,PASS,1
GWO,Math,33,PASS,1
GWO,Math,34,PASS,1
GWO,Math,35,PASS,1
GWO,Math,36,PASS,1
GWO,Math,37,PASS,1
GWO,Math,38,PASS,1
GWO,Math,39,PASS,1
GWO,Math,40,PASS,1
GWO,Math,41,PASS,1
GWO,Math,42,PASS,1
GWO,Math,43,PASS,1
GWO,Math,44,PASS,1
GWO,Math,45,PASS,1
GWO,Math,46,PASS,1
GWO,Math,47,PASS,1
GWO,Math,48,PASS,1
GWO,Math,49,PASS,1
GWO,Math,50,PASS,1
GWO,Math,51,PASS,1
GWO,Math,52,PASS,1
GWO,Math,53,PASS,1
GWO,Math,54,PASS,1
GWO,Math,55,PASS,1
GWO,Math,56,PASS,1
GWO,Math,57,PASS,1
GWO,Math,58,PASS,1
GWO,Math,59,PASS,1
GWO,Math,60,PASS,1
GWO,Math,61,PASS,1
GWO,Math,62,PASS,1
GWO,Math,63,PASS,1
GWO,Math,64,PASS,1
GWO,Math,65,PASS,1
GWO,Math,66,PASS,1
GWO,Math,67,PASS,1
GWO,Math,68,PASS,1
GWO,Math,69,PASS,1
GWO,Math,70,PASS,1
GWO,Math,71,PASS,2
GWO,Math,72,PASS,1
GWO,Math,73,PASS,1
GWO,Math,74,PASS,1
GWO,Math,75,PASS,1
GWO,Math,76,PASS,1
GWO,Math,77,PASS,2
GWO,Math,78,PASS,1
GWO,Math,79,PASS,1
GWO,Math,80,PASS,1
GWO,Math,81,PASS,1
GWO,Math,82,PASS,1
GWO,Math,83,PASS,1
GWO,Math,84,PASS,1
GWO,Math,85,PASS,1
GWO,Math,86,PASS,1
GWO,Math,87,PASS,1
GWO,Math,88,PASS,1
GWO,Math,89,PASS,1
GWO,Math,90,PASS,1
GWO,Math,91,PASS,1
GWO,Math,92,PASS,1
GWO,Math,93,PASS,1
GWO,Math,94,PASS,1
GWO,Math,95,PASS,1
GWO,Math,96,PASS,1
GWO,Math,97,PASS,1
GWO,Math,98,UNKNOWN,2
GWO,Math,99,PASS,1
GWO,Math,100,PASS,1
GWO,Math,101,PASS,1
GWO,Math,102,PASS,1
GWO,Math,103,PASS,1
GWO,Math,104,PASS,1
GWO,Math,105,PASS,1
GWO,Math,106,PASS,1
GWO,Mockito,1,PASS,1
GWO,Mockito,2,PASS,1
GWO,Mockito,3,UNKNOWN,1
GWO,Mockito,4,UNKNOWN,1
GWO,Mockito,5,PASS,1
GWO,Mockito,6,UNKNOWN,1
GWO,Mockito,7,PASS,1
GWO,Mockito,8,PASS,1
GWO,Mockito,9,PASS,1
GWO,Mockito,10,PASS,1
GWO,Mockito,11,PASS,1
GWO,Mockito,12,PASS,1
GWO,Mockito,13,PASS,1
GWO,Mockito,14,PASS,2
GWO,Mockito,15,PASS,1
GWO,Mockito,16,UNKNOWN,2
GWO,Mockito,17,PASS,2
GWO,Mockito,18,PASS,1
GWO,Mockito,19,PASS,5
GWO,Mockito,20,PASS,1
GWO,Mockito,21,PASS,1
GWO,Mockito,22,PASS,1
GWO,Mockito,23,PASS,1
GWO,Mockito,24,PASS,1
GWO,Mockito,25,PASS,1
GWO,Mockito,26,PASS,1
GWO,Mockito,27,PASS,1
GWO,Mockito,28,PASS,1
GWO,Mockito,29,UNKNOWN,1
GWO,Mockito,30,PASS,2
GWO,Mockito,31,PASS,1
GWO,Mockito,32,PASS,1
GWO,Mockito,33,UNKNOWN,1
GWO,Mockito,34,UNKNOWN,1
GWO,Mockito,35,UNKNOWN,1
GWO,Mockito,36,PASS,1
GWO,Mockito,37,PASS,1
GWO,Mockito,38,PASS,1
GWO,Time,1,PASS,2
GWO,Time,2,PASS,2
GWO,Time,3,PASS,1
GWO,Time,4,PASS,1
GWO,Time,5,PASS,1
GWO,Time,6,PASS,1
GWO,Time,7,PASS,1
GWO,Time,8,PASS,1
GWO,Time,9,UNKNOWN,1
GWO,Time,10,PASS,1
GWO,Time,11,PASS,1
GWO,Time,12,PASS,2
GWO,Time,13,PASS,1
GWO,Time,14,PASS,1
GWO,Time,15,PASS,1
GWO,Time,16,PASS,1
GWO,Time,17,UNKNOWN,1
GWO,Time,18,PASS,1
GWO,Time,19,PASS,1
GWO,Time,20,PASS,1
GWO,Time,22,PASS,1
GWO,Time,23,UNKNOWN,1
GWO,Time,24,PASS,1
GWO,Time,25,UNKNOWN,1
GWO,Time,26,PASS,3
GWO,Time,27,PASS,1
Zest,Chart,1,UNKNOWN,2
Zest,Chart,2,UNKNOWN,2
Zest,Chart,3,UNKNOWN,2
Zest,Chart,4,UNKNOWN,2
Zest,Chart,5,UNKNOWN,2
Zest,Chart,6,UNKNOWN,2
Zest,Chart,7,UNKNOWN,2
Zest,Chart,8,UNKNOWN,2
Zest,Chart,9,UNKNOWN,2
Zest,Chart,10,UNKNOWN,2
Zest,Chart,11,UNKNOWN,2
Zest,Chart,12,UNKNOWN,2
Zest,Chart,13,UNKNOWN,2
Zest,Chart,14,UNKNOWN,2
Zest,Chart,15,UNKNOWN,2
Zest,Chart,16,UNKNOWN,2
Zest,Chart,17,UNKNOWN,2
Zest,Chart,18,UNKNOWN,2
Zest,Chart,19,UNKNOWN,2
Zest,Chart,20,UNKNOWN,2
Zest,Chart,21,UNKNOWN,2
Zest,Chart,22,UNKNOWN,2
Zest,Chart,23,UNKNOWN,2
Zest,Chart,24,UNKNOWN,2
Zest,Chart,25,UNKNOWN,2
Zest,Chart,26,UNKNOWN,2
Zest,Cli,1,UNKNOWN,2
Zest,Cli,2,UNKNOWN,2
Zest,Cli,3,UNKNOWN,2
Zest,Cli,4,UNKNOWN,2
Zest,Cli,5,UNKNOWN,2
Zest,Cli,7,UNKNOWN,2
Zest,Cli,8,UNKNOWN,2
Zest,Cli,9,UNKNOWN,2
Zest,Cli,10,UNKNOWN,2
Zest,Cli,11,UNKNOWN,2
Zest,Cli,12,UNKNOWN,2
Zest,Cli,13,UNKNOWN,2
Zest,Cli,14,UNKNOWN,2
Zest,Cli,15,UNKNOWN,2
Zest,Cli,16,UNKNOWN,2
Zest,Cli,17,UNKNOWN,2
Zest,Cli,18,UNKNOWN,2
Zest,Cli,19,UNKNOWN,2
Zest,Cli,20,UNKNOWN,2
Zest,Cli,21,UNKNOWN,2
Zest,Cli,22,UNKNOWN,2
Zest,Cli,23,UNKNOWN,2
Zest,Cli,24,UNKNOWN,2
Zest,Cli,25,UNKNOWN,2
Zest,Cli,26,UNKNOWN,2
Zest,Cli,27,UNKNOWN,2
Zest,Cli,28,UNKNOWN,2
Zest,Cli,29,UNKNOWN,2
Zest,Cli,30,UNKNOWN,2
Zest,Cli,31,UNKNOWN,2
Zest,Cli,32,UNKNOWN,2
Zest,Cli,33,UNKNOWN,2
Zest,Cli,34,UNKNOWN,2
Zest,Cli,35,UNKNOWN,2
Zest,Cli,36,UNKNOWN,2
Zest,Cli,37,UNKNOWN,2
Zest,Cli,38,UNKNOWN,2
Zest,Cli,39,UNKNOWN,2
Zest,Cli,40,UNKNOWN,2
Zest,Closure,1,UNKNOWN,1
Zest,Closure,2,UNKNOWN,1
Zest,Closure,3,UNKNOWN,1
Zest,Closure,4,UNKNOWN,1
Zest,Closure,5,UNKNOWN,1
Zest,Closure,6,UNKNOWN,1
Zest,Closure,7,UNKNOWN,1
Zest,Closure,8,UNKNOWN,1
Zest,Closure,9,UNKNOWN,1
Zest,Closure,10,UNKNOWN,1
Zest,Closure,11,UNKNOWN,1
Zest,Closure,12,UNKNOWN,1
Zest,Closure,13,UNKNOWN,1
Zest,Closure,14,UNKNOWN,1
Zest,Closure,15,UNKNOWN,1
Zest,Closure,16,UNKNOWN,1
Zest,Closure,17,UNKNOWN,1
Zest,Closure,18,UNKNOWN,1
Zest,Closure,19,UNKNOWN,1
Zest,Closure,20,UNKNOWN,1
Zest,Closure,21,UNKNOWN,1
Zest,Closure,22,UNKNOWN,1
Zest,Closure,23,UNKNOWN,1
Zest,Closure,24,UNKNOWN,1
Zest,Closure,25,UNKNOWN,1
Zest,Closure,26,UNKNOWN,1
Zest,Closure,27,UNKNOWN,1
Zest,Closure,28,UNKNOWN,1
Zest,Closure,29,UNKNOWN,1
Zest,Closure,30,UNKNOWN,1
Zest,Closure,31,UNKNOWN,1
Zest,Closure,32,UNKNOWN,1
Zest,Closure,33,UNKNOWN,1
Zest,Closure,34,UNKNOWN,1
Zest,Closure,35,UNKNOWN,1
Zest,Closure,36,UNKNOWN,1
Zest,Closure,37,UNKNOWN,1
Zest,Closure,38,UNKNOWN,1
Zest,Closure,39,UNKNOWN,1
Zest,Closure,40,UNKNOWN,1
Zest,Closure,41,UNKNOWN,1
Zest,Closure,42,UNKNOWN,1
Zest,Closure,43,UNKNOWN,1
Zest,Closure,44,UNKNOWN,1
Zest,Closure,45,UNKNOWN,1
Zest,Closure,46,UNKNOWN,1
Zest,Closure,47,UNKNOWN,1
Zest,Closure,48,UNKNOWN,1
Zest,Closure,49,UNKNOWN,1
Zest,Closure,50,UNKNOWN,1
Zest,Closure,51,UNKNOWN,1
Zest,Closure,52,UNKNOWN,1
Zest,Closure,53,UNKNOWN,1
Zest,Closure,54,UNKNOWN,1
Zest,Closure,55,UNKNOWN,1
Zest,Closure,56,UNKNOWN,1
Zest,Closure,57,UNKNOWN,1
Zest,Closure,58,UNKNOWN,1
Zest,Closure,59,UNKNOWN,1
Zest,Closure,60,UNKNOWN,1
Zest,Closure,61,UNKNOWN,1
Zest,Closure,62,UNKNOWN,1
Zest,Closure,64,UNKNOWN,1
Zest,Closure,65,UNKNOWN,1
Zest,Closure,66,UNKNOWN,1
Zest,Closure,67,UNKNOWN,1
Zest,Closure,68,UNKNOWN,1
Zest,Closure,69,UNKNOWN,1
Zest,Closure,70,UNKNOWN,1
Zest,Closure,71,UNKNOWN,1
Zest,Closure,72,UNKNOWN,1
Zest,Closure,73,UNKNOWN,1
Zest,Closure,74,UNKNOWN,1
Zest,Closure,75,UNKNOWN,1
Zest,Closure,76,UNKNOWN,1
Zest,Closure,77,UNKNOWN,1
Zest,Closure,78,UNKNOWN,1
Zest,Closure,79,UNKNOWN,1
Zest,Closure,80,UNKNOWN,1
Zest,Closure,81,UNKNOWN,1
Zest,Closure,82,UNKNOWN,1
Zest,Closure,83,UNKNOWN,1
Zest,Closure,84,UNKNOWN,1
Zest,Closure,85,UNKNOWN,1
Zest,Closure,86,UNKNOWN,1
Zest,Closure,87,UNKNOWN,1
Zest,Closure,88,UNKNOWN,1
Zest,Closure,89,UNKNOWN,1
Zest,Closure,90,UNKNOWN,1
Zest,Closure,91,UNKNOWN,1
Zest,Closure,92,UNKNOWN,1
Zest,Closure,94,UNKNOWN,1
Zest,Closure,95,UNKNOWN,1
Zest,Closure,96,UNKNOWN,1
Zest,Closure,97,UNKNOWN,1
Zest,Closure,98,UNKNOWN,1
Zest,Closure,99,UNKNOWN,1
Zest,Closure,100,UNKNOWN,1
Zest,Closure,101,UNKNOWN,1
Zest,Closure,102,UNKNOWN,1
Zest,Closure,103,UNKNOWN,1
Zest,Closure,104,UNKNOWN,1
Zest,Closure,105,UNKNOWN,1
Zest,Closure,106,UNKNOWN,1
Zest,Closure,107,UNKNOWN,1
Zest,Closure,108,UNKNOWN,1
Zest,Closure,109,UNKNOWN,1
Zest,Closure,110,UNKNOWN,1
Zest,Closure,111,UNKNOWN,1
Zest,Closure,112,UNKNOWN,1
Zest,Closure,113,UNKNOWN,1
Zest,Closure,114,UNKNOWN,1
Zest,Closure,115,UNKNOWN,1
Zest,Closure,116,UNKNOWN,1
Zest,Closure,117,UNKNOWN,1
Zest,Closure,118,UNKNOWN,1
Zest,Closure,119,UNKNOWN,1
Zest,Closure,120,UNKNOWN,1
Zest,Closure,121,UNKNOWN,1
Zest,Closure,122,UNKNOWN,1
Zest,Closure,123,UNKNOWN,1
Zest,Closure,124,UNKNOWN,1
Zest,Closure,125,UNKNOWN,1
Zest,Closure,126,UNKNOWN,1
Zest,Closure,127,UNKNOWN,1
Zest,Closure,128,UNKNOWN,1
Zest,Closure,129,UNKNOWN,1
Zest,Closure,130,UNKNOWN,1
Zest,Closure,131,UNKNOWN,1
Zest,Closure,132,UNKNOWN,1
Zest,Closure,133,UNKNOWN,1
Zest,Codec,1,UNKNOWN,2
Zest,Codec,2,UNKNOWN,2
Zest,Codec,3,UNKNOWN,2
Zest,Codec,4,UNKNOWN,2
Zest,Codec,5,UNKNOWN,2
Zest,Codec,6,UNKNOWN,2
Zest,Codec,7,UNKNOWN,2
Zest,Codec,8,UNKNOWN,2
Zest,Codec,9,UNKNOWN,2
Zest,Codec,10,UNKNOWN,2
Zest,Codec,11,UNKNOWN,2
Zest,Codec,12,UNKNOWN,2
Zest,Codec,13,UNKNOWN,2
Zest,Codec,14,UNKNOWN,2
Zest,Codec,15,UNKNOWN,2
Zest,Codec,16,UNKNOWN,2
Zest,Codec,17,UNKNOWN,2
Zest,Codec,18,UNKNOWN,2
Zest,Collections,1,UNKNOWN,1
Zest,Collections,2,UNKNOWN,1
Zest,Collections,3,UNKNOWN,1
Zest,Collections,4,UNKNOWN,1
Zest,Collections,5,UNKNOWN,1
Zest,Collections,6,UNKNOWN,1
Zest,Collections,7,UNKNOWN,1
Zest,Collections,8,UNKNOWN,1
Zest,Collections,9,UNKNOWN,1
Zest,Collections,10,UNKNOWN,1
Zest,Collections,11,UNKNOWN,1
Zest,Collections,12,UNKNOWN,1
Zest,Collections,13,UNKNOWN,1
Zest,Collections,14,UNKNOWN,1
Zest,Collections,15,UNKNOWN,1
Zest,Collections,16,UNKNOWN,1
Zest,Collections,17,UNKNOWN,1
Zest,Collections,18,UNKNOWN,1
Zest,Collections,19,UNKNOWN,1
Zest,Collections,20,UNKNOWN,1
Zest,Collections,21,UNKNOWN,1
Zest,Collections,22,UNKNOWN,1
Zest,Collections,23,UNKNOWN,1
Zest,Collections,24,UNKNOWN,1
Zest,Collections,25,UNKNOWN,1
Zest,Collections,26,UNKNOWN,1
Zest,Collections,27,UNKNOWN,1
Zest,Collections,28,UNKNOWN,1
Zest,Compress,1,UNKNOWN,1
Zest,Compress,2,UNKNOWN,1
Zest,Compress,3,UNKNOWN,1
Zest,Compress,4,UNKNOWN,1
Zest,Compress,5,UNKNOWN,1
Zest,Compress,6,UNKNOWN,1
Zest,Compress,7,UNKNOWN,1
Zest,Compress,8,UNKNOWN,1
Zest,Compress,9,UNKNOWN,1
Zest,Compress,10,UNKNOWN,1
Zest,Compress,11,UNKNOWN,1
Zest,Compress,12,UNKNOWN,1
Zest,Compress,13,UNKNOWN,1
Zest,Compress,14,UNKNOWN,1
Zest,Compress,15,UNKNOWN,1
Zest,Compress,16,UNKNOWN,1
Zest,Compress,17,UNKNOWN,1
Zest,Compress,18,UNKNOWN,1
Zest,Compress,19,UNKNOWN,1
Zest,Compress,20,UNKNOWN,1
Zest,Compress,21,UNKNOWN,1
Zest,Compress,22,UNKNOWN,1
Zest,Compress,23,UNKNOWN,1
Zest,Compress,24,UNKNOWN,1
Zest,Compress,25,UNKNOWN,1
Zest,Compress,26,UNKNOWN,1
Zest,Compress,27,UNKNOWN,1
Zest,Compress,28,UNKNOWN,1
Zest,Compress,29,UNKNOWN,1
Zest,Compress,30,UNKNOWN,1
Zest,Compress,31,UNKNOWN,1
Zest,Compress,32,UNKNOWN,1
Zest,Compress,33,UNKNOWN,1
Zest,Compress,34,UNKNOWN,1
Zest,Compress,35,UNKNOWN,1
Zest,Compress,36,UNKNOWN,1
Zest,Compress,37,UNKNOWN,1
Zest,Compress,38,UNKNOWN,1
Zest,Compress,39,UNKNOWN,1
Zest,Compress,40,UNKNOWN,1
Zest,Compress,41,UNKNOWN,1
Zest,Compress,42,UNKNOWN,1
Zest,Compress,43,UNKNOWN,1
Zest,Compress,44,UNKNOWN,1
Zest,Compress,45,UNKNOWN,1
Zest,Compress,46,UNKNOWN,1
Zest,Compress,47,UNKNOWN,1
Zest,Csv,1,UNKNOWN,1
Zest,Csv,2,UNKNOWN,1
Zest,Csv,3,UNKNOWN,1
Zest,Csv,4,UNKNOWN,1
Zest,Csv,5,UNKNOWN,1
Zest,Csv,6,UNKNOWN,1
Zest,Csv,7,UNKNOWN,1
Zest,Csv,8,UNKNOWN,1
Zest,Csv,9,UNKNOWN,1
Zest,Csv,10,UNKNOWN,1
Zest,Csv,11,UNKNOWN,1
Zest,Csv,12,UNKNOWN,1
Zest,Csv,13,UNKNOWN,1
Zest,Csv,14,UNKNOWN,1
Zest,Csv,15,UNKNOWN,1
Zest,Csv,16,UNKNOWN,1
Zest,Gson,1,UNKNOWN,1
Zest,Gson,2,UNKNOWN,1
Zest,Gson,3,UNKNOWN,1
Zest,Gson,4,UNKNOWN,1
Zest,Gson,5,UNKNOWN,1
Zest,Gson,6,UNKNOWN,1
Zest,Gson,7,UNKNOWN,1
Zest,Gson,8,UNKNOWN,1
Zest,Gson,9,UNKNOWN,1
Zest,Gson,10,UNKNOWN,1
Zest,Gson,11,UNKNOWN,1
Zest,Gson,12,UNKNOWN,1
Zest,Gson,13,UNKNOWN,1
Zest,Gson,14,UNKNOWN,1
Zest,Gson,15,UNKNOWN,1
Zest,Gson,16,UNKNOWN,1
Zest,Gson,17,UNKNOWN,1
Zest,Gson,18,UNKNOWN,1
Zest,JacksonCore,1,UNKNOWN,1
Zest,JacksonCore,2,UNKNOWN,1
Zest,JacksonCore,3,UNKNOWN,1
Zest,JacksonCore,4,UNKNOWN,1
Zest,JacksonCore,5,UNKNOWN,1
Zest,JacksonCore,6,UNKNOWN,1
Zest,JacksonCore,7,UNKNOWN,1
Zest,JacksonCore,8,UNKNOWN,1
Zest,JacksonCore,9,UNKNOWN,1
Zest,JacksonCore,10,UNKNOWN,1
Zest,JacksonCore,11,UNKNOWN,1
Zest,JacksonCore,12,UNKNOWN,1
Zest,JacksonCore,13,UNKNOWN,1
Zest,JacksonCore,14,UNKNOWN,1
Zest,JacksonCore,15,UNKNOWN,1
Zest,JacksonCore,16,UNKNOWN,1
Zest,JacksonCore,17,UNKNOWN,1
Zest,JacksonCore,18,UNKNOWN,1
Zest,JacksonCore,19,UNKNOWN,1
Zest,JacksonCore,20,UNKNOWN,1
Zest,JacksonCore,21,UNKNOWN,1
Zest,JacksonCore,22,UNKNOWN,1
Zest,JacksonCore,23,UNKNOWN,1
Zest,JacksonCore,24,UNKNOWN,1
Zest,JacksonCore,25,UNKNOWN,1
Zest,JacksonCore,26,UNKNOWN,1
Zest,JacksonDatabind,1,UNKNOWN,1
Zest,JacksonDatabind,2,UNKNOWN,1
Zest,JacksonDatabind,3,UNKNOWN,1
Zest,JacksonDatabind,4,UNKNOWN,1
Zest,JacksonDatabind,5,UNKNOWN,1
Zest,JacksonDatabind,6,UNKNOWN,1
Zest,JacksonDatabind,7,UNKNOWN,1
Zest,JacksonDatabind,8,UNKNOWN,1
Zest,JacksonDatabind,9,UNKNOWN,1
Zest,JacksonDatabind,10,UNKNOWN,1
Zest,JacksonDatabind,11,UNKNOWN,1
Zest,JacksonDatabind,12,UNKNOWN,1
Zest,JacksonDatabind,13,UNKNOWN,1
Zest,JacksonDatabind,14,UNKNOWN,1
Zest,JacksonDatabind,15,UNKNOWN,1
Zest,JacksonDatabind,16,UNKNOWN,1
Zest,JacksonDatabind,17,UNKNOWN,1
Zest,JacksonDatabind,18,UNKNOWN,1
Zest,JacksonDatabind,19,UNKNOWN,1
Zest,JacksonDatabind,20,UNKNOWN,1
Zest,JacksonDatabind,21,UNKNOWN,1
Zest,JacksonDatabind,22,UNKNOWN,1
Zest,JacksonDatabind,23,UNKNOWN,1
Zest,JacksonDatabind,24,UNKNOWN,1
Zest,JacksonDatabind,25,UNKNOWN,1
Zest,JacksonDatabind,26,UNKNOWN,1
Zest,JacksonDatabind,27,UNKNOWN,1
Zest,JacksonDatabind,28,UNKNOWN,1
Zest,JacksonDatabind,29,UNKNOWN,1
Zest,JacksonDatabind,30,UNKNOWN,1
Zest,JacksonDatabind,31,UNKNOWN,1
Zest,JacksonDatabind,32,UNKNOWN,1
Zest,JacksonDatabind,33,UNKNOWN,1
Zest,JacksonDatabind,34,UNKNOWN,1
Zest,JacksonDatabind,35,UNKNOWN,1
Zest,JacksonDatabind,36,UNKNOWN,1
Zest,JacksonDatabind,37,UNKNOWN,1
Zest,JacksonDatabind,38,UNKNOWN,1
Zest,JacksonDatabind,39,UNKNOWN,1
Zest,JacksonDatabind,40,UNKNOWN,1
Zest,JacksonDatabind,41,UNKNOWN,1
Zest,JacksonDatabind,42,UNKNOWN,1
Zest,JacksonDatabind,43,UNKNOWN,1
Zest,JacksonDatabind,44,UNKNOWN,1
Zest,JacksonDatabind,45,UNKNOWN,1
Zest,JacksonDatabind,46,UNKNOWN,1
Zest,JacksonDatabind,47,UNKNOWN,1
Zest,JacksonDatabind,48,UNKNOWN,1
Zest,JacksonDatabind,49,UNKNOWN,1
Zest,JacksonDatabind,50,UNKNOWN,1
Zest,JacksonDatabind,51,UNKNOWN,1
Zest,JacksonDatabind,52,UNKNOWN,1
Zest,JacksonDatabind,53,UNKNOWN,1
Zest,JacksonDatabind,54,UNKNOWN,1
Zest,JacksonDatabind,55,UNKNOWN,1
Zest,JacksonDatabind,56,UNKNOWN,1
Zest,JacksonDatabind,57,UNKNOWN,1
Zest,JacksonDatabind,58,UNKNOWN,1
Zest,JacksonDatabind,59,UNKNOWN,1
Zest,JacksonDatabind,60,UNKNOWN,1
Zest,JacksonDatabind,61,UNKNOWN,1
Zest,JacksonDatabind,62,UNKNOWN,1
Zest,JacksonDatabind,63,UNKNOWN,1
Zest,JacksonDatabind,64,UNKNOWN,1
Zest,JacksonDatabind,66,UNKNOWN,1
Zest,JacksonDatabind,67,UNKNOWN,1
Zest,JacksonDatabind,68,UNKNOWN,1
Zest,JacksonDatabind,69,UNKNOWN,1
Zest,JacksonDatabind,70,UNKNOWN,1
Zest,JacksonDatabind,71,UNKNOWN,1
Zest,JacksonDatabind,72,UNKNOWN,1
Zest,JacksonDatabind,73,UNKNOWN,1
Zest,JacksonDatabind,74,UNKNOWN,1
Zest,JacksonDatabind,75,UNKNOWN,1
Zest,JacksonDatabind,76,UNKNOWN,1
Zest,JacksonDatabind,77,UNKNOWN,1
Zest,JacksonDatabind,78,UNKNOWN,1
Zest,JacksonDatabind,79,UNKNOWN,1
Zest,JacksonDatabind,80,UNKNOWN,1
Zest,JacksonDatabind,81,UNKNOWN,1
Zest,JacksonDatabind,82,UNKNOWN,1
Zest,JacksonDatabind,83,UNKNOWN,1
Zest,JacksonDatabind,84,UNKNOWN,1
Zest,JacksonDatabind,85,UNKNOWN,1
Zest,JacksonDatabind,86,UNKNOWN,1
Zest,JacksonDatabind,87,UNKNOWN,1
Zest,JacksonDatabind,88,UNKNOWN,1
Zest,JacksonDatabind,90,UNKNOWN,1
Zest,JacksonDatabind,91,UNKNOWN,1
Zest,JacksonDatabind,92,UNKNOWN,1
Zest,JacksonDatabind,93,UNKNOWN,1
Zest,JacksonDatabind,94,UNKNOWN,1
Zest,JacksonDatabind,95,UNKNOWN,1
Zest,JacksonDatabind,96,UNKNOWN,1
Zest,JacksonDatabind,97,UNKNOWN,1
Zest,JacksonDatabind,98,UNKNOWN,1
Zest,JacksonDatabind,99,UNKNOWN,1
Zest,JacksonDatabind,100,UNKNOWN,1
Zest,JacksonDatabind,101,UNKNOWN,1
Zest,JacksonDatabind,102,UNKNOWN,1
Zest,JacksonDatabind,103,UNKNOWN,1
Zest,JacksonDatabind,104,UNKNOWN,1
Zest,JacksonDatabind,105,UNKNOWN,1
Zest,JacksonDatabind,106,UNKNOWN,1
Zest,JacksonDatabind,107,UNKNOWN,1
Zest,JacksonDatabind,108,UNKNOWN,1
Zest,JacksonDatabind,109,UNKNOWN,1
Zest,JacksonDatabind,110,UNKNOWN,1
Zest,JacksonDatabind,111,UNKNOWN,1
Zest,JacksonDatabind,112,UNKNOWN,1
Zest,JacksonXml,1,UNKNOWN,1
Zest,JacksonXml,2,UNKNOWN,1
Zest,JacksonXml,3,UNKNOWN,1
Zest,JacksonXml,4,UNKNOWN,1
Zest,JacksonXml,5,UNKNOWN,1
Zest,JacksonXml,6,UNKNOWN,1
Zest,Jsoup,1,UNKNOWN,1
Zest,Jsoup,2,UNKNOWN,1
Zest,Jsoup,3,UNKNOWN,1
Zest,Jsoup,4,UNKNOWN,1
Zest,Jsoup,5,UNKNOWN,1
Zest,Jsoup,6,UNKNOWN,1
Zest,Jsoup,7,UNKNOWN,1
Zest,Jsoup,8,UNKNOWN,1
Zest,Jsoup,9,UNKNOWN,1
Zest,Jsoup,10,UNKNOWN,1
Zest,Jsoup,11,UNKNOWN,1
Zest,Jsoup,12,UNKNOWN,1
Zest,Jsoup,13,UNKNOWN,1
Zest,Jsoup,14,UNKNOWN,1
Zest,Jsoup,15,UNKNOWN,1
Zest,Jsoup,16,UNKNOWN,1
Zest,Jsoup,17,UNKNOWN,1
Zest,Jsoup,18,UNKNOWN,1
Zest,Jsoup,19,UNKNOWN,1
Zest,Jsoup,20,UNKNOWN,1
Zest,Jsoup,21,UNKNOWN,1
Zest,Jsoup,22,UNKNOWN,1
Zest,Jsoup,23,UNKNOWN,1
Zest,Jsoup,24,UNKNOWN,1
Zest,Jsoup,25,UNKNOWN,1
Zest,Jsoup,26,UNKNOWN,1
Zest,Jsoup,27,UNKNOWN,1
Zest,Jsoup,28,UNKNOWN,1
Zest,Jsoup,29,UNKNOWN,1
Zest,Jsoup,30,UNKNOWN,1
Zest,Jsoup,31,UNKNOWN,1
Zest,Jsoup,32,UNKNOWN,1
Zest,Jsoup,33,UNKNOWN,1
Zest,Jsoup,34,UNKNOWN,1
Zest,Jsoup,35,UNKNOWN,1
Zest,Jsoup,36,UNKNOWN,1
Zest,Jsoup,37,UNKNOWN,1
Zest,Jsoup,38,UNKNOWN,1
Zest,Jsoup,39,UNKNOWN,1
Zest,Jsoup,40,UNKNOWN,1
Zest,Jsoup,41,UNKNOWN,1
Zest,Jsoup,42,UNKNOWN,1
Zest,Jsoup,43,UNKNOWN,1
Zest,Jsoup,44,UNKNOWN,1
Zest,Jsoup,45,UNKNOWN,1
Zest,Jsoup,46,UNKNOWN,1
Zest,Jsoup,47,UNKNOWN,1
Zest,Jsoup,48,UNKNOWN,1
Zest,Jsoup,49,UNKNOWN,1
Zest,Jsoup,50,UNKNOWN,1
Zest,Jsoup,51,UNKNOWN,1
Zest,Jsoup,52,UNKNOWN,1
Zest,Jsoup,53,UNKNOWN,1
Zest,Jsoup,54,UNKNOWN,1
Zest,Jsoup,55,UNKNOWN,1
Zest,Jsoup,56,UNKNOWN,1
Zest,Jsoup,57,UNKNOWN,1
Zest,Jsoup,58,UNKNOWN,1
Zest,Jsoup,59,UNKNOWN,1
Zest,Jsoup,60,UNKNOWN,1
Zest,Jsoup,61,UNKNOWN,1
Zest,Jsoup,62,UNKNOWN,1
Zest,Jsoup,63,UNKNOWN,1
Zest,Jsoup,64,UNKNOWN,1
Zest,Jsoup,65,UNKNOWN,1
Zest,Jsoup,66,UNKNOWN,1
Zest,Jsoup,67,UNKNOWN,1
Zest,Jsoup,68,UNKNOWN,1
Zest,Jsoup,69,UNKNOWN,1
Zest,Jsoup,70,UNKNOWN,1
Zest,Jsoup,71,UNKNOWN,1
Zest,Jsoup,72,UNKNOWN,1
Zest,Jsoup,73,UNKNOWN,1
Zest,Jsoup,74,UNKNOWN,1
Zest,Jsoup,75,UNKNOWN,1
Zest,Jsoup,76,UNKNOWN,1
Zest,Jsoup,77,UNKNOWN,1
Zest,Jsoup,78,UNKNOWN,1
Zest,Jsoup,79,UNKNOWN,1
Zest,Jsoup,80,UNKNOWN,1
Zest,Jsoup,81,UNKNOWN,1
Zest,Jsoup,82,UNKNOWN,1
Zest,Jsoup,83,UNKNOWN,1
Zest,Jsoup,84,UNKNOWN,1
Zest,Jsoup,85,UNKNOWN,1
Zest,Jsoup,86,UNKNOWN,1
Zest,Jsoup,87,UNKNOWN,1
Zest,Jsoup,88,UNKNOWN,1
Zest,Jsoup,89,UNKNOWN,1
Zest,Jsoup,90,UNKNOWN,1
Zest,Jsoup,91,UNKNOWN,1
Zest,Jsoup,92,UNKNOWN,1
Zest,Jsoup,93,UNKNOWN,1
Zest,JxPath,1,UNKNOWN,1
Zest,JxPath,2,UNKNOWN,1
Zest,JxPath,3,UNKNOWN,1
Zest,JxPath,4,UNKNOWN,1
Zest,JxPath,5,UNKNOWN,1
Zest,JxPath,6,UNKNOWN,1
Zest,JxPath,7,UNKNOWN,1
Zest,JxPath,8,UNKNOWN,1
Zest,JxPath,9,UNKNOWN,1
Zest,JxPath,10,UNKNOWN,1
Zest,JxPath,11,UNKNOWN,1
Zest,JxPath,12,UNKNOWN,1
Zest,JxPath,13,UNKNOWN,1
Zest,JxPath,14,UNKNOWN,1
Zest,JxPath,15,UNKNOWN,1
Zest,JxPath,16,UNKNOWN,1
Zest,JxPath,17,UNKNOWN,1
Zest,JxPath,18,UNKNOWN,1
Zest,JxPath,19,UNKNOWN,1
Zest,JxPath,20,UNKNOWN,1
Zest,JxPath,21,UNKNOWN,1
Zest,JxPath,22,UNKNOWN,1
Zest,Lang,1,UNKNOWN,3
Zest,Lang,3,UNKNOWN,2
Zest,Lang,4,UNKNOWN,2
Zest,Lang,5,UNKNOWN,2
Zest,Lang,6,UNKNOWN,2
Zest,Lang,7,UNKNOWN,2
Zest,Lang,8,UNKNOWN,2
Zest,Lang,9,UNKNOWN,2
Zest,Lang,10,UNKNOWN,2
Zest,Lang,11,UNKNOWN,2
Zest,Lang,12,UNKNOWN,2
Zest,Lang,13,UNKNOWN,2
Zest,Lang,14,UNKNOWN,2
Zest,Lang,15,UNKNOWN,2
Zest,Lang,16,UNKNOWN,2
Zest,Lang,17,UNKNOWN,2
Zest,Lang,19,UNKNOWN,2
Zest,Lang,20,UNKNOWN,2
Zest,Lang,21,UNKNOWN,2
Zest,Lang,22,UNKNOWN,2
Zest,Lang,23,UNKNOWN,2
Zest,Lang,24,UNKNOWN,2
Zest,Lang,26,UNKNOWN,2
Zest,Lang,27,UNKNOWN,2
Zest,Lang,28,UNKNOWN,2
Zest,Lang,29,UNKNOWN,2
Zest,Lang,30,UNKNOWN,2
Zest,Lang,31,UNKNOWN,2
Zest,Lang,32,UNKNOWN,2
Zest,Lang,33,UNKNOWN,2
Zest,Lang,34,UNKNOWN,2
Zest,Lang,35,UNKNOWN,2
Zest,Lang,36,UNKNOWN,2
Zest,Lang,37,UNKNOWN,2
Zest,Lang,38,UNKNOWN,2
Zest,Lang,39,UNKNOWN,2
Zest,Lang,40,UNKNOWN,2
Zest,Lang,41,UNKNOWN,2
Zest,Lang,42,UNKNOWN,2
Zest,Lang,43,UNKNOWN,2
Zest,Lang,44,UNKNOWN,2
Zest,Lang,45,UNKNOWN,2
Zest,Lang,46,UNKNOWN,2
Zest,Lang,47,UNKNOWN,2
Zest,Lang,49,UNKNOWN,2
Zest,Lang,50,UNKNOWN,2
Zest,Lang,51,UNKNOWN,2
Zest,Lang,52,UNKNOWN,2
Zest,Lang,53,UNKNOWN,2
Zest,Lang,54,UNKNOWN,2
Zest,Lang,55,UNKNOWN,2
Zest,Lang,56,UNKNOWN,2
Zest,Lang,57,UNKNOWN,2
Zest,Lang,58,UNKNOWN,2
Zest,Lang,59,UNKNOWN,2
Zest,Lang,60,UNKNOWN,2
Zest,Lang,61,UNKNOWN,2
Zest,Lang,62,UNKNOWN,2
Zest,Lang,63,UNKNOWN,2
Zest,Lang,64,UNKNOWN,2
Zest,Lang,65,UNKNOWN,2
Zest,Math,1,UNKNOWN,1
Zest,Math,2,UNKNOWN,1
Zest,Math,3,UNKNOWN,1
Zest,Math,4,UNKNOWN,1
Zest,Math,5,UNKNOWN,1
Zest,Math,6,UNKNOWN,1
Zest,Math,7,UNKNOWN,1
Zest,Math,8,UNKNOWN,1
Zest,Math,9,UNKNOWN,1
Zest,Math,10,UNKNOWN,1
Zest,Math,11,UNKNOWN,1
Zest,Math,12,UNKNOWN,1
Zest,Math,13,UNKNOWN,1
Zest,Math,14,UNKNOWN,1
Zest,Math,15,UNKNOWN,1
Zest,Math,16,UNKNOWN,1
Zest,Math,17,UNKNOWN,1
Zest,Math,18,UNKNOWN,1
Zest,Math,19,UNKNOWN,1
Zest,Math,20,UNKNOWN,1
Zest,Math,21,UNKNOWN,1
Zest,Math,22,UNKNOWN,1
Zest,Math,23,UNKNOWN,1
Zest,Math,24,UNKNOWN,1
Zest,Math,25,UNKNOWN,1
Zest,Math,26,UNKNOWN,1
Zest,Math,27,UNKNOWN,1
Zest,Math,28,UNKNOWN,1
Zest,Math,29,UNKNOWN,1
Zest,Math,30,UNKNOWN,1
Zest,Math,32,UNKNOWN,1
Zest,Math,33,UNKNOWN,1
Zest,Math,34,UNKNOWN,1
Zest,Math,35,UNKNOWN,1
Zest,Math,36,UNKNOWN,1
Zest,Math,37,UNKNOWN,1
Zest,Math,38,UNKNOWN,1
Zest,Math,39,UNKNOWN,1
Zest,Math,40,UNKNOWN,1
Zest,Math,41,UNKNOWN,1
Zest,Math,42,UNKNOWN,1
Zest,Math,43,UNKNOWN,1
Zest,Math,44,UNKNOWN,1
Zest,Math,45,UNKNOWN,1
Zest,Math,46,UNKNOWN,1
Zest,Math,47,UNKNOWN,1
Zest,Math,48,UNKNOWN,1
Zest,Math,49,UNKNOWN,1
Zest,Math,50,UNKNOWN,1
Zest,Math,51,UNKNOWN,1
Zest,Math,52,UNKNOWN,1
Zest,Math,53,UNKNOWN,1
Zest,Math,54,UNKNOWN,1
Zest,Math,55,UNKNOWN,1
Zest,Math,56,UNKNOWN,1
Zest,Math,57,UNKNOWN,1
Zest,Math,58,UNKNOWN,1
Zest,Math,59,UNKNOWN,1
Zest,Math,60,UNKNOWN,1
Zest,Math,61,UNKNOWN,1
Zest,Math,62,UNKNOWN,1
Zest,Math,63,UNKNOWN,1
Zest,Math,64,UNKNOWN,1
Zest,Math,65,UNKNOWN,1
Zest,Math,66,UNKNOWN,1
Zest,Math,67,UNKNOWN,1
Zest,Math,68,UNKNOWN,1
Zest,Math,69,UNKNOWN,1
Zest,Math,70,UNKNOWN,1
Zest,Math,71,UNKNOWN,1
Zest,Math,72,UNKNOWN,1
Zest,Math,73,UNKNOWN,1
Zest,Math,74,UNKNOWN,1
Zest,Math,75,UNKNOWN,1
Zest,Math,76,UNKNOWN,1
Zest,Math,77,UNKNOWN,1
Zest,Math,78,UNKNOWN,1
Zest,Math,79,UNKNOWN,1
Zest,Math,80,UNKNOWN,1
Zest,Math,81,UNKNOWN,1
Zest,Math,82,UNKNOWN,1
Zest,Math,83,UNKNOWN,1
Zest,Math,84,UNKNOWN,1
Zest,Math,85,UNKNOWN,1
Zest,Math,86,UNKNOWN,1
Zest,Math,87,UNKNOWN,1
Zest,Math,88,UNKNOWN,1
Zest,Math,89,UNKNOWN,1
Zest,Math,90,UNKNOWN,1
Zest,Math,91,UNKNOWN,1
Zest,Math,92,UNKNOWN,1
Zest,Math,93,UNKNOWN,1
Zest,Math,94,UNKNOWN,1
Zest,Math,95,UNKNOWN,1
Zest,Math,96,UNKNOWN,1
Zest,Math,97,UNKNOWN,1
Zest,Math,98,UNKNOWN,1
Zest,Math,99,UNKNOWN,1
Zest,Math,100,UNKNOWN,1
Zest,Math,101,UNKNOWN,1
Zest,Math,102,UNKNOWN,1
Zest,Math,103,UNKNOWN,1
Zest,Math,104,UNKNOWN,1
Zest,Math,105,UNKNOWN,1
Zest,Math,106,UNKNOWN,1
Zest,Mockito,1,UNKNOWN,1
Zest,Mockito,2,UNKNOWN,1
Zest,Mockito,3,UNKNOWN,1
Zest,Mockito,4,UNKNOWN,1
Zest,Mockito,5,UNKNOWN,1
Zest,Mockito,6,UNKNOWN,1
Zest,Mockito,7,UNKNOWN,1
Zest,Mockito,8,UNKNOWN,1
Zest,Mockito,9,UNKNOWN,1
Zest,Mockito,10,UNKNOWN,1
Zest,Mockito,11,UNKNOWN,1
Zest,Mockito,12,UNKNOWN,1
Zest,Mockito,13,UNKNOWN,1
Zest,Mockito,14,UNKNOWN,1
Zest,Mockito,15,UNKNOWN,1
Zest,Mockito,16,UNKNOWN,1
Zest,Mockito,17,UNKNOWN,1
Zest,Mockito,18,UNKNOWN,1
Zest,Mockito,19,UNKNOWN,1
Zest,Mockito,20,UNKNOWN,1
Zest,Mockito,21,UNKNOWN,1
Zest,Mockito,22,UNKNOWN,1
Zest,Mockito,23,UNKNOWN,1
Zest,Mockito,24,UNKNOWN,1
Zest,Mockito,25,UNKNOWN,1
Zest,Mockito,26,UNKNOWN,1
Zest,Mockito,27,UNKNOWN,1
Zest,Mockito,28,UNKNOWN,1
Zest,Mockito,29,UNKNOWN,1
Zest,Mockito,30,UNKNOWN,1
Zest,Mockito,31,UNKNOWN,1
Zest,Mockito,32,UNKNOWN,1
Zest,Mockito,33,UNKNOWN,1
Zest,Mockito,34,UNKNOWN,1
Zest,Mockito,35,UNKNOWN,1
Zest,Mockito,36,UNKNOWN,1
Zest,Mockito,37,UNKNOWN,1
Zest,Mockito,38,UNKNOWN,1
Zest,Time,1,UNKNOWN,1
Zest,Time,2,UNKNOWN,1
Zest,Time,3,UNKNOWN,1
Zest,Time,4,UNKNOWN,1
Zest,Time,5,UNKNOWN,1
Zest,Time,6,UNKNOWN,1
Zest,Time,7,UNKNOWN,1
Zest,Time,8,UNKNOWN,1
Zest,Time,9,UNKNOWN,1
Zest,Time,10,UNKNOWN,1
Zest,Time,11,UNKNOWN,1
Zest,Time,12,UNKNOWN,1
Zest,Time,13,UNKNOWN,1
Zest,Time,14,UNKNOWN,1
Zest,Time,15,UNKNOWN,1
Zest,Time,16,UNKNOWN,1
Zest,Time,17,UNKNOWN,1
Zest,Time,18,UNKNOWN,1
Zest,Time,19,UNKNOWN,1
Zest,Time,20,UNKNOWN,1
Zest,Time,22,UNKNOWN,1
Zest,Time,23,UNKNOWN,1
Zest,Time,24,UNKNOWN,1
Zest,Time,25,UNKNOWN,1
Zest,Time,26,UNKNOWN,1
Gemini,Chart,1,FAIL,1
Gemini,Chart,3,FAIL,2
Gemini,Chart,5,PASS,1
Gemini,Chart,6,PASS,1
Gemini,Chart,7,PASS,1
Gemini,Chart,8,PASS,1
Gemini,Chart,10,PASS,1
Gemini,Chart,12,PASS,1
Gemini,Chart,14,PASS,2
Gemini,Chart,15,FAIL,1
Gemini,Chart,16,PASS,1
Gemini,Chart,17,PASS,1
Gemini,Chart,18,PASS,2
Gemini,Chart,20,PASS,1
Gemini,Chart,21,PASS,1
Gemini,Chart,22,PASS,1
Gemini,Chart,23,FAIL,1
Gemini,Chart,24,PASS,1
Gemini,Chart,25,FAIL,1
Gemini,Chart,26,PASS,1
Gemini,Cli,1,FAIL,1
Gemini,Cli,2,PASS,1
Gemini,Cli,3,PASS,1
Gemini,Cli,4,FAIL,1
Gemini,Cli,5,PASS,1
Gemini,Cli,7,FAIL,1
Gemini,Cli,8,FAIL,1
Gemini,Cli,9,PASS,1
Gemini,Cli,10,PASS,1
Gemini,Cli,11,PASS,1
Gemini,Cli,12,PASS,1
Gemini,Cli,13,FAIL,3
Gemini,Cli,14,FAIL,1
Gemini,Cli,15,PASS,1
Gemini,Cli,16,FAIL,4
Gemini,Cli,17,PASS,1
Gemini,Cli,18,PASS,1
Gemini,Cli,19,PASS,1
Gemini,Cli,20,PASS,1
Gemini,Cli,21,FAIL,3
Gemini,Cli,22,PASS,1
Gemini,Cli,23,PASS,1
Gemini,Cli,24,FAIL,1
Gemini,Cli,25,PASS,1
Gemini,Cli,26,PASS,1
Gemini,Cli,27,PASS,1
Gemini,Cli,28,PASS,1
Gemini,Cli,29,PASS,1
Gemini,Cli,30,PASS,2
Gemini,Cli,31,PASS,3
Gemini,Cli,32,PASS,1
Gemini,Cli,33,PASS,1
Gemini,Cli,34,FAIL,1
Gemini,Cli,35,PASS,1
Gemini,Cli,36,PASS,2
Gemini,Cli,37,PASS,1
Gemini,Cli,38,PASS,1
Gemini,Cli,39,PASS,1
Gemini,Cli,40,PASS,1
Gemini,Closure,1,PASS,1
Gemini,Closure,2,FAIL,1
Gemini,Closure,3,PASS,1
Gemini,Closure,4,FAIL,1
Gemini,Closure,5,PASS,1
Gemini,Closure,6,FAIL,1
Gemini,Closure,7,FAIL,1
Gemini,Closure,8,FAIL,1
Gemini,Closure,9,PASS,1
Gemini,Closure,10,FAIL,1
Gemini,Closure,11,FAIL,1
Gemini,Closure,12,PASS,1
Gemini,Closure,13,FAIL,1
Gemini,Closure,15,FAIL,1
Gemini,Closure,16,FAIL,1
Gemini,Closure,17,FAIL,1
Gemini,Closure,18,FAIL,1
Gemini,Closure,19,FAIL,1
Gemini,Closure,20,FAIL,1
Gemini,Closure,21,FAIL,1
Gemini,Closure,22,PASS,1
Gemini,Closure,24,FAIL,1
Gemini,Closure,25,FAIL,1
Gemini,Closure,26,FAIL,1
Gemini,Closure,27,FAIL,1
Gemini,Closure,28,PASS,1
Gemini,Closure,30,FAIL,1
Gemini,Closure,31,FAIL,1
Gemini,Closure,32,FAIL,1
Gemini,Closure,33,FAIL,1
Gemini,Closure,34,FAIL,2
Gemini,Closure,35,FAIL,1
Gemini,Closure,36,FAIL,1
Gemini,Closure,37,FAIL,2
Gemini,Closure,38,FAIL,1
Gemini,Closure,39,FAIL,1
Gemini,Closure,41,FAIL,1
Gemini,Closure,42,PASS,1
Gemini,Closure,43,FAIL,1
Gemini,Closure,45,FAIL,1
Gemini,Closure,46,PASS,1
Gemini,Closure,47,FAIL,2
Gemini,Closure,48,FAIL,1
Gemini,Closure,49,PASS,1
Gemini,Closure,50,FAIL,1
Gemini,Closure,51,FAIL,1
Gemini,Closure,52,FAIL,1
Gemini,Closure,53,FAIL,1
Gemini,Closure,54,FAIL,2
Gemini,Closure,55,FAIL,1
Gemini,Closure,56,FAIL,1
Gemini,Closure,57,FAIL,1
Gemini,Closure,58,PASS,1
Gemini,Closure,59,FAIL,1
Gemini,Closure,60,FAIL,1
Gemini,Closure,61,FAIL,1
Gemini,Closure,62,PASS,1
Gemini,Closure,64,FAIL,1
Gemini,Closure,65,FAIL,1
Gemini,Closure,66,PASS,1
Gemini,Closure,67,FAIL,1
Gemini,Closure,68,FAIL,1
Gemini,Closure,69,FAIL,1
Gemini,Closure,70,FAIL,1
Gemini,Closure,71,FAIL,1
Gemini,Closure,72,FAIL,2
Gemini,Closure,73,PASS,1
Gemini,Closure,75,FAIL,1
Gemini,Closure,76,FAIL,1
Gemini,Closure,77,FAIL,1
Gemini,Closure,78,PASS,1
Gemini,Closure,79,FAIL,2
Gemini,Closure,80,PASS,1
Gemini,Closure,82,FAIL,1
Gemini,Closure,83,PASS,1
Gemini,Closure,85,FAIL,1
Gemini,Closure,86,PASS,1
Gemini,Closure,87,FAIL,1
Gemini,Closure,88,FAIL,1
Gemini,Closure,89,FAIL,2
Gemini,Closure,90,FAIL,2
Gemini,Closure,91,FAIL,1
Gemini,Closure,92,FAIL,1
Gemini,Closure,94,PASS,1
Gemini,Closure,95,FAIL,1
Gemini,Closure,96,FAIL,1
Gemini,Closure,97,PASS,1
Gemini,Closure,98,FAIL,1
Gemini,Closure,99,FAIL,1
Gemini,Closure,100,FAIL,1
Gemini,Closure,101,PASS,1
Gemini,Closure,102,FAIL,1
Gemini,Closure,103,FAIL,2
Gemini,Closure,104,FAIL,1
Gemini,Closure,105,FAIL,1
Gemini,Closure,106,FAIL,1
Gemini,Closure,107,FAIL,1
Gemini,Closure,108,FAIL,1
Gemini,Closure,109,FAIL,1
Gemini,Closure,110,FAIL,2
Gemini,Closure,111,FAIL,1
Gemini,Closure,112,FAIL,1
Gemini,Closure,113,FAIL,1
Gemini,Closure,114,FAIL,1
Gemini,Closure,115,PASS,1
Gemini,Closure,116,FAIL,1
Gemini,Closure,117,FAIL,1
Gemini,Closure,118,FAIL,1
Gemini,Closure,119,PASS,1
Gemini,Closure,120,FAIL,1
Gemini,Closure,121,FAIL,1
Gemini,Closure,122,PASS,1
Gemini,Closure,123,PASS,1
Gemini,Closure,124,FAIL,1
Gemini,Closure,126,FAIL,1
Gemini,Closure,127,FAIL,1
Gemini,Closure,128,FAIL,1
Gemini,Closure,129,FAIL,1
Gemini,Closure,130,FAIL,2
Gemini,Closure,131,PASS,1
Gemini,Closure,132,FAIL,1
Gemini,Closure,133,FAIL,1
Gemini,Closure,134,FAIL,2
Gemini,Closure,135,FAIL,2
Gemini,Closure,136,FAIL,2
Gemini,Closure,137,FAIL,3
Gemini,Closure,138,FAIL,2
Gemini,Closure,139,FAIL,1
Gemini,Closure,140,PASS,1
Gemini,Closure,141,FAIL,2
Gemini,Closure,142,FAIL,2
Gemini,Closure,143,FAIL,1
Gemini,Closure,144,FAIL,4
Gemini,Closure,145,PASS,1
Gemini,Closure,146,FAIL,1
Gemini,Closure,147,FAIL,2
Gemini,Closure,148,FAIL,2
Gemini,Closure,149,FAIL,4
Gemini,Closure,150,FAIL,1
Gemini,Closure,151,FAIL,1
Gemini,Closure,152,FAIL,1
Gemini,Closure,153,PASS,2
Gemini,Closure,154,FAIL,2
Gemini,Closure,155,FAIL,3
Gemini,Closure,156,FAIL,1
Gemini,Closure,157,FAIL,3
Gemini,Closure,158,FAIL,3
Gemini,Closure,159,FAIL,1
Gemini,Closure,160,FAIL,1
Gemini,Closure,161,FAIL,1
Gemini,Closure,162,FAIL,2
Gemini,Closure,163,FAIL,1
Gemini,Closure,164,PASS,1
Gemini,Closure,165,FAIL,4
Gemini,Closure,166,FAIL,1
Gemini,Closure,167,FAIL,2
Gemini,Closure,168,FAIL,1
Gemini,Closure,169,FAIL,5
Gemini,Closure,170,FAIL,1
Gemini,Closure,171,FAIL,2
Gemini,Closure,172,FAIL,1
Gemini,Closure,173,PASS,1
Gemini,Closure,174,FAIL,3
Gemini,Closure,175,FAIL,1
Gemini,Closure,176,FAIL,1
Gemini,Codec,1,PASS,3
Gemini,Codec,2,PASS,1
Gemini,Codec,3,PASS,1
Gemini,Codec,4,PASS,1
Gemini,Codec,5,PASS,1
Gemini,Codec,6,PASS,1
Gemini,Codec,7,PASS,1
Gemini,Codec,8,PASS,2
Gemini,Codec,9,PASS,1
Gemini,Codec,10,PASS,1
Gemini,Codec,11,PASS,1
Gemini,Codec,12,PASS,1
Gemini,Codec,13,FAIL,2
Gemini,Codec,14,FAIL,3
Gemini,Codec,15,PASS,1
Gemini,Codec,16,PASS,1
Gemini,Codec,17,PASS,1
Gemini,Codec,18,PASS,1
Gemini,Collections,1,PASS,1
Gemini,Collections,2,PASS,1
Gemini,Collections,3,FAIL,1
Gemini,Collections,4,PASS,1
Gemini,Collections,5,PASS,1
Gemini,Collections,6,PASS,1
Gemini,Collections,7,PASS,1
Gemini,Collections,8,PASS,1
Gemini,Collections,9,PASS,1
Gemini,Collections,10,PASS,1
Gemini,Collections,11,PASS,1
Gemini,Collections,12,PASS,1
Gemini,Collections,13,PASS,1
Gemini,Collections,14,PASS,1
Gemini,Collections,15,PASS,1
Gemini,Collections,16,PASS,1
Gemini,Collections,17,PASS,1
Gemini,Collections,18,PASS,1
Gemini,Collections,19,PASS,1
Gemini,Collections,20,PASS,1
Gemini,Collections,21,PASS,1
Gemini,Collections,22,FAIL,1
Gemini,Collections,23,PASS,1
Gemini,Collections,24,PASS,1
Gemini,Collections,25,FAIL,1
Gemini,Collections,26,PASS,1
Gemini,Collections,27,FAIL,1
Gemini,Collections,28,FAIL,1
Gemini,Compress,1,FAIL,1
Gemini,Compress,2,PASS,1
Gemini,Compress,3,PASS,1
Gemini,Compress,4,FAIL,4
Gemini,Compress,5,PASS,1
Gemini,Compress,6,PASS,1
Gemini,Compress,7,PASS,1
Gemini,Compress,8,PASS,1
Gemini,Compress,9,PASS,1
Gemini,Compress,10,PASS,1
Gemini,Compress,11,PASS,1
Gemini,Compress,12,PASS,1
Gemini,Compress,13,PASS,1
Gemini,Compress,14,PASS,1
Gemini,Compress,15,FAIL,1
Gemini,Compress,16,PASS,1
Gemini,Compress,17,PASS,1
Gemini,Compress,18,FAIL,1
Gemini,Compress,19,PASS,1
Gemini,Compress,20,PASS,1
Gemini,Compress,21,PASS,1
Gemini,Compress,22,PASS,1
Gemini,Compress,23,PASS,1
Gemini,Compress,24,PASS,1
Gemini,Compress,25,FAIL,1
Gemini,Compress,26,PASS,1
Gemini,Compress,28,PASS,1
Gemini,Compress,29,FAIL,5
Gemini,Compress,30,FAIL,1
Gemini,Compress,31,PASS,1
Gemini,Compress,32,FAIL,1
Gemini,Compress,33,FAIL,2
Gemini,Compress,34,PASS,1
Gemini,Compress,35,PASS,1
Gemini,Compress,36,FAIL,1
Gemini,Compress,37,PASS,1
Gemini,Compress,38,FAIL,1
Gemini,Compress,39,PASS,1
Gemini,Compress,40,PASS,1
Gemini,Compress,41,FAIL,1
Gemini,Compress,42,PASS,2
Gemini,Compress,43,FAIL,1
Gemini,Compress,44,PASS,1
Gemini,Compress,45,PASS,1
Gemini,Compress,46,PASS,1
Gemini,Compress,47,PASS,1
Gemini,Csv,1,PASS,1
Gemini,Csv,2,PASS,1
Gemini,Csv,3,FAIL,1
Gemini,Csv,4,FAIL,1
Gemini,Csv,5,PASS,1
Gemini,Csv,6,PASS,1
Gemini,Csv,7,PASS,1
Gemini,Csv,8,PASS,1
Gemini,Csv,9,PASS,1
Gemini,Csv,10,PASS,1
Gemini,Csv,11,FAIL,1
Gemini,Csv,12,PASS,1
Gemini,Csv,13,FAIL,2
Gemini,Csv,14,PASS,1
Gemini,Csv,15,PASS,1
Gemini,Csv,16,PASS,1
Gemini,Gson,1,FAIL,1
Gemini,Gson,2,FAIL,1
Gemini,Gson,3,PASS,1
Gemini,Gson,4,FAIL,2
Gemini,Gson,5,PASS,1
Gemini,Gson,6,PASS,1
Gemini,Gson,7,FAIL,1
Gemini,Gson,8,FAIL,1
Gemini,Gson,9,PASS,3
Gemini,Gson,10,FAIL,1
Gemini,Gson,11,PASS,1
Gemini,Gson,12,PASS,1
Gemini,Gson,13,FAIL,1
Gemini,Gson,14,FAIL,1
Gemini,Gson,15,PASS,1
Gemini,Gson,16,FAIL,1
Gemini,Gson,17,PASS,1
Gemini,Gson,18,FAIL,1
Gemini,JacksonCore,1,FAIL,2
Gemini,JacksonCore,2,FAIL,3
Gemini,JacksonCore,3,FAIL,1
Gemini,JacksonCore,4,PASS,1
Gemini,JacksonCore,5,PASS,1
Gemini,JacksonCore,6,PASS,1
Gemini,JacksonCore,7,FAIL,1
Gemini,JacksonCore,8,FAIL,1
Gemini,JacksonCore,9,FAIL,3
Gemini,JacksonCore,10,PASS,1
Gemini,JacksonCore,11,PASS,1
Gemini,JacksonCore,12,FAIL,1
Gemini,JacksonCore,13,FAIL,1
Gemini,JacksonCore,14,PASS,1
Gemini,JacksonCore,15,FAIL,1
Gemini,JacksonCore,16,PASS,1
Gemini,JacksonCore,17,FAIL,1
Gemini,JacksonCore,18,FAIL,3
Gemini,JacksonCore,19,FAIL,2
Gemini,JacksonCore,20,PASS,1
Gemini,JacksonCore,21,PASS,1
Gemini,JacksonCore,22,FAIL,1
Gemini,JacksonCore,23,FAIL,1
Gemini,JacksonCore,24,FAIL,2
Gemini,JacksonCore,25,PASS,1
Gemini,JacksonDatabind,1,FAIL,1
Gemini,JacksonDatabind,2,FAIL,1
Gemini,JacksonDatabind,3,PASS,1
Gemini,JacksonDatabind,4,FAIL,1
Gemini,JacksonDatabind,5,FAIL,1
Gemini,JacksonDatabind,7,FAIL,1
Gemini,JacksonDatabind,8,FAIL,1
Gemini,JacksonDatabind,10,FAIL,2
Gemini,JacksonDatabind,11,FAIL,1
Gemini,JacksonDatabind,12,FAIL,1
Gemini,JacksonDatabind,13,FAIL,2
Gemini,JacksonDatabind,14,FAIL,1
Gemini,JacksonDatabind,15,FAIL,4
Gemini,JacksonDatabind,16,PASS,1
Gemini,JacksonDatabind,17,FAIL,1
Gemini,JacksonDatabind,18,PASS,1
Gemini,JacksonDatabind,19,FAIL,1
Gemini,JacksonDatabind,20,FAIL,1
Gemini,JacksonDatabind,22,FAIL,2
Gemini,JacksonDatabind,23,FAIL,1
Gemini,JacksonDatabind,24,PASS,1
Gemini,JacksonDatabind,25,FAIL,4
Gemini,JacksonDatabind,26,FAIL,1
Gemini,JacksonDatabind,27,PASS,1
Gemini,JacksonDatabind,28,PASS,1
Gemini,JacksonDatabind,29,PASS,1
Gemini,JacksonDatabind,30,FAIL,3
Gemini,JacksonDatabind,31,PASS,1
Gemini,JacksonDatabind,32,FAIL,1
Gemini,JacksonDatabind,33,FAIL,1
Gemini,JacksonDatabind,34,PASS,1
Gemini,JacksonDatabind,35,FAIL,1
Gemini,JacksonDatabind,36,PASS,1
Gemini,JacksonDatabind,37,PASS,1
Gemini,JacksonDatabind,38,FAIL,3
Gemini,JacksonDatabind,39,PASS,1
Gemini,JacksonDatabind,40,PASS,1
Gemini,JacksonDatabind,42,PASS,1
Gemini,JacksonDatabind,43,FAIL,1
Gemini,JacksonDatabind,44,PASS,1
Gemini,JacksonDatabind,45,FAIL,1
Gemini,JacksonDatabind,46,FAIL,1
Gemini,JacksonDatabind,48,FAIL,2
Gemini,JacksonDatabind,49,PASS,1
Gemini,JacksonDatabind,50,FAIL,1
Gemini,JacksonDatabind,51,FAIL,1
Gemini,JacksonDatabind,52,FAIL,2
Gemini,JacksonDatabind,53,FAIL,2
Gemini,JacksonXml,1,FAIL,1
Gemini,JacksonXml,2,PASS,1
Gemini,JacksonXml,3,FAIL,1
Gemini,JacksonXml,4,PASS,1
Gemini,JacksonXml,5,FAIL,1
Gemini,JacksonXml,6,PASS,1
Gemini,Jsoup,1,FAIL,1
Gemini,Jsoup,2,PASS,1
Gemini,Jsoup,3,FAIL,3
Gemini,Jsoup,4,FAIL,1
Gemini,Jsoup,5,PASS,1
Gemini,Jsoup,6,FAIL,1
Gemini,Jsoup,7,PASS,1
Gemini,Jsoup,8,PASS,1
Gemini,Jsoup,9,FAIL,1
Gemini,Jsoup,10,PASS,1
Gemini,Jsoup,11,PASS,1
Gemini,Jsoup,12,PASS,1
Gemini,Jsoup,13,PASS,1
Gemini,Jsoup,14,FAIL,2
Gemini,Jsoup,16,PASS,1
Gemini,Jsoup,17,PASS,1
Gemini,Jsoup,18,PASS,1
Gemini,Jsoup,19,PASS,1
Gemini,Jsoup,20,PASS,1
Gemini,Jsoup,21,FAIL,2
Gemini,Jsoup,22,FAIL,3
Gemini,Jsoup,23,FAIL,2
Gemini,Jsoup,24,PASS,1
Gemini,Jsoup,25,PASS,1
Gemini,Jsoup,26,PASS,1
Gemini,Jsoup,27,PASS,1
Gemini,Jsoup,28,FAIL,3
Gemini,Jsoup,29,PASS,1
Gemini,Jsoup,30,PASS,1
Gemini,Jsoup,31,FAIL,3
Gemini,Jsoup,32,PASS,1
Gemini,Jsoup,33,FAIL,1
Gemini,Jsoup,34,PASS,1
Gemini,Jsoup,35,PASS,1
Gemini,Jsoup,36,PASS,1
Gemini,Jsoup,37,PASS,1
Gemini,Jsoup,38,PASS,1
Gemini,Jsoup,39,PASS,1
Gemini,Jsoup,40,PASS,1
Gemini,Jsoup,42,PASS,1
Gemini,Jsoup,43,PASS,1
Gemini,Jsoup,44,FAIL,2
Gemini,Jsoup,45,PASS,1
Gemini,Jsoup,46,PASS,1
Gemini,Jsoup,47,PASS,1
Gemini,Jsoup,48,FAIL,1
Gemini,Jsoup,49,PASS,1
Gemini,Jsoup,50,PASS,1
Gemini,Jsoup,51,FAIL,1
Gemini,Jsoup,52,FAIL,3
Gemini,Jsoup,53,PASS,1
Gemini,Jsoup,54,PASS,1
Gemini,Jsoup,55,FAIL,1
Gemini,Jsoup,56,FAIL,5
Gemini,Jsoup,57,PASS,1
Gemini,Jsoup,58,FAIL,3
Gemini,Jsoup,59,PASS,1
Gemini,Jsoup,60,FAIL,2
Gemini,Jsoup,62,FAIL,1
Gemini,Jsoup,63,FAIL,2
Gemini,Jsoup,64,FAIL,1
Gemini,Jsoup,65,FAIL,1
Gemini,Jsoup,66,PASS,1
Gemini,Jsoup,67,FAIL,1
Gemini,Jsoup,68,PASS,1
Gemini,Jsoup,69,PASS,1
Gemini,Jsoup,70,PASS,1
Gemini,Jsoup,71,PASS,2
Gemini,Jsoup,72,PASS,1
Gemini,Jsoup,73,PASS,1
Gemini,Jsoup,74,PASS,1
Gemini,Jsoup,75,PASS,1
Gemini,Jsoup,76,FAIL,1
Gemini,Jsoup,77,FAIL,1
Gemini,Jsoup,78,PASS,1
Gemini,Jsoup,79,PASS,1
Gemini,Jsoup,80,FAIL,1
Gemini,Jsoup,81,PASS,1
Gemini,Jsoup,82,PASS,1
Gemini,Jsoup,83,FAIL,2
Gemini,Jsoup,84,PASS,1
Gemini,Jsoup,85,PASS,1
Gemini,Jsoup,86,FAIL,1
Gemini,Jsoup,87,FAIL,2
Gemini,Jsoup,88,PASS,1
Gemini,Jsoup,89,PASS,1
Gemini,Jsoup,90,FAIL,1
Gemini,Jsoup,91,FAIL,2
Gemini,Jsoup,92,FAIL,2
Gemini,Jsoup,93,PASS,1
Gemini,JxPath,1,PASS,2
Gemini,JxPath,2,PASS,1
Gemini,JxPath,3,FAIL,1
Gemini,JxPath,4,PASS,2
Gemini,JxPath,5,PASS,1
Gemini,JxPath,6,FAIL,1
Gemini,JxPath,7,FAIL,5
Gemini,JxPath,8,PASS,1
Gemini,JxPath,9,FAIL,3
Gemini,JxPath,10,FAIL,1
Gemini,JxPath,11,PASS,2
Gemini,JxPath,12,FAIL,1
Gemini,JxPath,13,FAIL,2
Gemini,JxPath,14,PASS,1
Gemini,JxPath,15,PASS,1
Gemini,JxPath,16,FAIL,2
Gemini,JxPath,17,PASS,2
Gemini,JxPath,18,PASS,1
Gemini,JxPath,19,PASS,1
Gemini,JxPath,20,FAIL,1
Gemini,JxPath,21,PASS,1
Gemini,JxPath,22,FAIL,1
Gemini,Lang,1,PASS,1
Gemini,Lang,3,PASS,1
Gemini,Lang,4,PASS,1
Gemini,Lang,5,PASS,1
Gemini,Lang,6,PASS,1
Gemini,Lang,7,PASS,1
Gemini,Lang,8,PASS,1
Gemini,Lang,9,PASS,1
Gemini,Lang,10,FAIL,1
Gemini,Lang,11,PASS,1
Gemini,Lang,12,PASS,1
Gemini,Lang,13,PASS,1
Gemini,Lang,14,PASS,1
Gemini,Lang,15,FAIL,1
Gemini,Lang,16,PASS,1
Gemini,Lang,17,PASS,1
Gemini,Lang,19,PASS,1
Gemini,Lang,20,PASS,1
Gemini,Lang,21,PASS,1
Gemini,Lang,22,PASS,1
Gemini,Lang,23,FAIL,1
Gemini,Lang,24,PASS,1
Gemini,Lang,26,PASS,1
Gemini,Lang,27,PASS,1
Gemini,Lang,28,PASS,1
Gemini,Lang,29,PASS,1
Gemini,Lang,31,FAIL,1
Gemini,Lang,32,PASS,1
Gemini,Lang,33,PASS,1
Gemini,Lang,34,PASS,1
Gemini,Lang,35,PASS,1
Gemini,Lang,36,PASS,1
Gemini,Lang,37,PASS,1
Gemini,Lang,38,PASS,1
Gemini,Lang,39,FAIL,1
Gemini,Lang,40,PASS,1
Gemini,Lang,41,PASS,1
Gemini,Lang,42,PASS,1
Gemini,Lang,43,FAIL,1
Gemini,Lang,44,PASS,1
Gemini,Lang,45,PASS,1
Gemini,Lang,46,PASS,1
Gemini,Lang,47,PASS,1
Gemini,Lang,49,PASS,1
Gemini,Lang,50,PASS,1
Gemini,Lang,51,PASS,1
Gemini,Lang,52,PASS,1
Gemini,Lang,53,PASS,1
Gemini,Lang,54,PASS,1
Gemini,Lang,55,PASS,1
Gemini,Lang,56,PASS,1
Gemini,Lang,57,PASS,1
Gemini,Lang,58,PASS,1
Gemini,Lang,59,FAIL,1
Gemini,Lang,60,FAIL,1
Gemini,Lang,61,FAIL,1
Gemini,Lang,62,PASS,1
Gemini,Lang,63,PASS,1
Gemini,Lang,64,PASS,1
Gemini,Lang,65,PASS,1
Gemini,Math,1,PASS,2
Gemini,Math,2,PASS,1
Gemini,Math,3,PASS,1
Gemini,Math,4,PASS,2
Gemini,Math,5,PASS,1
Gemini,Math,6,FAIL,7
Gemini,Math,7,PASS,1
Gemini,Math,8,PASS,1
Gemini,Math,9,PASS,1
Gemini,Math,11,PASS,1
Gemini,Math,12,PASS,1
Gemini,Math,14,PASS,2
Gemini,Math,17,FAIL,1
Gemini,Math,18,PASS,1
Gemini,Math,19,PASS,1
Gemini,Math,20,PASS,1
Gemini,Math,21,PASS,1
Gemini,Math,22,FAIL,2
Gemini,Math,23,PASS,1
Gemini,Math,24,PASS,1
Gemini,Math,25,PASS,1
Gemini,Math,26,PASS,1
Gemini,Math,27,PASS,1
Gemini,Math,28,PASS,1
Gemini,Math,30,PASS,1
Gemini,Math,31,PASS,1
Gemini,Math,32,FAIL,1
Gemini,Math,33,PASS,1
Gemini,Math,35,PASS,1
Gemini,Math,36,PASS,1
Gemini,Math,38,PASS,1
Gemini,Math,39,PASS,1
Gemini,Math,40,PASS,1
Gemini,Math,41,PASS,1
Gemini,Math,43,PASS,1
Gemini,Math,44,FAIL,1
Gemini,Math,45,PASS,1
Gemini,Math,47,PASS,1
Gemini,Math,48,PASS,1
Gemini,Math,50,PASS,1
Gemini,Math,52,PASS,1
Gemini,Math,53,PASS,1
Gemini,Math,55,PASS,1
Gemini,Math,56,PASS,1
Gemini,Math,57,PASS,1
Gemini,Math,58,PASS,1
Gemini,Math,59,FAIL,1
Gemini,Math,60,PASS,1
Gemini,Math,61,PASS,1
Gemini,Math,62,FAIL,1
Gemini,Math,63,PASS,1
Gemini,Math,65,PASS,1
Gemini,Math,66,PASS,1
Gemini,Math,67,PASS,1
Gemini,Math,68,FAIL,1
Gemini,Math,69,PASS,1
Gemini,Math,70,PASS,1
Gemini,Math,71,FAIL,2
Gemini,Math,72,PASS,1
Gemini,Math,73,PASS,1
Gemini,Math,74,FAIL,1
Gemini,Math,75,PASS,1
Gemini,Math,76,PASS,1
Gemini,Math,77,FAIL,2
Gemini,Math,78,PASS,1
Gemini,Math,79,FAIL,1
Gemini,Math,80,PASS,1
Gemini,Math,81,PASS,1
Gemini,Math,82,PASS,1
Gemini,Math,83,FAIL,1
Gemini,Math,84,PASS,1
Gemini,Math,85,PASS,1
Gemini,Math,86,FAIL,1
Gemini,Math,87,FAIL,1
Gemini,Math,88,FAIL,1
Gemini,Math,89,PASS,1
Gemini,Math,90,PASS,1
Gemini,Math,91,PASS,1
Gemini,Math,92,PASS,1
Gemini,Math,93,PASS,1
Gemini,Math,94,PASS,1
Gemini,Math,95,PASS,1
Gemini,Math,96,PASS,1
Gemini,Math,97,PASS,1
Gemini,Math,98,FAIL,2
Gemini,Math,99,FAIL,1
Gemini,Math,100,PASS,1
Gemini,Math,101,PASS,1
Gemini,Math,102,PASS,1
Gemini,Math,103,PASS,1
Gemini,Math,104,PASS,1
Gemini,Math,105,PASS,1
Gemini,Math,106,PASS,1
Gemini,Mockito,1,FAIL,1
Gemini,Mockito,2,FAIL,1
Gemini,Mockito,3,FAIL,1
Gemini,Mockito,4,FAIL,1
Gemini,Mockito,5,FAIL,1
Gemini,Mockito,6,FAIL,1
Gemini,Mockito,7,FAIL,1
Gemini,Mockito,8,FAIL,1
Gemini,Mockito,9,FAIL,1
Gemini,Mockito,10,FAIL,1
Gemini,Mockito,11,FAIL,1
Gemini,Mockito,12,PASS,1
Gemini,Mockito,13,FAIL,1
Gemini,Mockito,14,FAIL,2
Gemini,Mockito,15,PASS,1
Gemini,Mockito,16,FAIL,2
Gemini,Mockito,17,FAIL,2
Gemini,Mockito,18,FAIL,1
Gemini,Mockito,19,FAIL,5
Gemini,Mockito,20,FAIL,1
Gemini,Mockito,21,FAIL,1
Gemini,Mockito,22,PASS,1
Gemini,Mockito,23,PASS,1
Gemini,Mockito,24,PASS,1
Gemini,Mockito,25,PASS,1
Gemini,Mockito,26,PASS,1
Gemini,Mockito,27,PASS,1
Gemini,Mockito,28,PASS,1
Gemini,Mockito,29,PASS,1
Gemini,Mockito,30,FAIL,2
Gemini,Mockito,31,PASS,1
Gemini,Mockito,32,PASS,1
Gemini,Mockito,33,FAIL,1
Gemini,Mockito,34,FAIL,1
Gemini,Mockito,35,PASS,1
Gemini,Mockito,36,PASS,1
Gemini,Mockito,37,FAIL,1
Gemini,Mockito,38,PASS,1
Gemini,Time,1,FAIL,2
Gemini,Time,2,FAIL,2
Gemini,Time,3,PASS,1
Gemini,Time,4,FAIL,1
Gemini,Time,5,FAIL,1
Gemini,Time,6,PASS,1
Gemini,Time,7,PASS,1
Gemini,Time,8,PASS,1
Gemini,Time,9,PASS,1
Gemini,Time,10,PASS,1
Gemini,Time,11,FAIL,1
Gemini,Time,12,FAIL,2
Gemini,Time,13,FAIL,1
Gemini,Time,14,PASS,1
Gemini,Time,15,FAIL,1
Gemini,Time,16,PASS,1
Gemini,Time,17,PASS,1
Gemini,Time,18,PASS,1
Gemini,Time,19,PASS,1
Gemini,Time,20,PASS,1
Gemini,Time,22,FAIL,1
Gemini,Time,23,PASS,1
Gemini,Time,24,FAIL,1
Gemini,Time,25,FAIL,1
Gemini,Time,26,FAIL,3
DeepSeek,Chart,1,FAIL,1
DeepSeek,Chart,2,FAIL,1
DeepSeek,Chart,3,FAIL,1
DeepSeek,Chart,4,FAIL,1
DeepSeek,Chart,5,FAIL,1
DeepSeek,Chart,6,PASS,1
DeepSeek,Chart,7,PASS,1
DeepSeek,Chart,8,PASS,1
DeepSeek,Chart,9,FAIL,1
DeepSeek,Chart,10,PASS,1
DeepSeek,Chart,11,PASS,1
DeepSeek,Chart,12,PASS,1
DeepSeek,Chart,13,PASS,1
DeepSeek,Chart,14,PASS,1
DeepSeek,Chart,15,FAIL,1
DeepSeek,Chart,16,PASS,1
DeepSeek,Chart,17,PASS,1
DeepSeek,Chart,18,PASS,2
DeepSeek,Chart,19,FAIL,1
DeepSeek,Chart,20,PASS,1
DeepSeek,Chart,21,PASS,1
DeepSeek,Chart,22,PASS,1
DeepSeek,Chart,23,FAIL,1
DeepSeek,Chart,24,PASS,1
DeepSeek,Chart,25,PASS,1
DeepSeek,Chart,26,PASS,1
DeepSeek,Cli,1,PASS,1
DeepSeek,Cli,2,PASS,1
DeepSeek,Cli,3,PASS,1
DeepSeek,Cli,4,PASS,1
DeepSeek,Cli,5,PASS,1
DeepSeek,Cli,7,FAIL,1
DeepSeek,Cli,8,FAIL,1
DeepSeek,Cli,9,PASS,1
DeepSeek,Cli,10,FAIL,1
DeepSeek,Cli,11,FAIL,1
DeepSeek,Cli,12,PASS,1
DeepSeek,Cli,13,FAIL,3
DeepSeek,Cli,14,FAIL,1
DeepSeek,Cli,15,FAIL,1
DeepSeek,Cli,16,FAIL,4
DeepSeek,Cli,17,PASS,1
DeepSeek,Cli,18,PASS,1
DeepSeek,Cli,19,PASS,1
DeepSeek,Cli,20,PASS,1
DeepSeek,Cli,21,FAIL,3
DeepSeek,Cli,22,PASS,1
DeepSeek,Cli,23,PASS,1
DeepSeek,Cli,24,PASS,1
DeepSeek,Cli,25,FAIL,1
DeepSeek,Cli,26,PASS,1
DeepSeek,Cli,27,FAIL,1
DeepSeek,Cli,28,PASS,1
DeepSeek,Cli,29,PASS,1
DeepSeek,Cli,30,FAIL,2
DeepSeek,Closure,1,FAIL,1
DeepSeek,Closure,2,FAIL,1
DeepSeek,Closure,3,PASS,1
DeepSeek,Closure,4,FAIL,1
DeepSeek,Closure,5,PASS,1
DeepSeek,Closure,6,FAIL,1
DeepSeek,Closure,7,FAIL,1
DeepSeek,Closure,8,PASS,1
DeepSeek,Closure,9,FAIL,1
DeepSeek,Closure,10,PASS,1
DeepSeek,Closure,11,FAIL,1
DeepSeek,Closure,12,FAIL,1
DeepSeek,Closure,13,FAIL,1
DeepSeek,Closure,15,FAIL,1
DeepSeek,Closure,17,FAIL,1
DeepSeek,Closure,28,FAIL,1
DeepSeek,Closure,29,FAIL,1
DeepSeek,Closure,30,FAIL,2
DeepSeek,Closure,31,FAIL,1
DeepSeek,Closure,32,UNKNOWN,1
DeepSeek,Closure,33,FAIL,1
DeepSeek,Closure,34,FAIL,2
DeepSeek,Closure,35,PASS,1
DeepSeek,Closure,36,PASS,1
DeepSeek,Closure,37,FAIL,2
DeepSeek,Codec,1,PASS,3
DeepSeek,Codec,2,FAIL,1
DeepSeek,Codec,3,PASS,1
DeepSeek,Codec,4,PASS,1
DeepSeek,Codec,5,PASS,1
DeepSeek,Codec,6,PASS,1
DeepSeek,Codec,7,PASS,1
DeepSeek,Codec,8,PASS,1
DeepSeek,Codec,9,PASS,1
DeepSeek,Codec,10,FAIL,1
DeepSeek,Codec,11,PASS,1
DeepSeek,Codec,12,PASS,1
DeepSeek,Codec,13,FAIL,2
DeepSeek,Codec,14,FAIL,3
DeepSeek,Codec,16,PASS,1
DeepSeek,Codec,17,PASS,1
DeepSeek,Codec,18,PASS,1
DeepSeek,Collections,1,PASS,1
DeepSeek,Collections,2,FAIL,1
DeepSeek,Collections,3,FAIL,1
DeepSeek,Collections,4,PASS,1
DeepSeek,Collections,6,PASS,1
DeepSeek,Collections,7,FAIL,1
DeepSeek,Collections,8,PASS,1
DeepSeek,Collections,9,FAIL,1
DeepSeek,Collections,10,PASS,1
DeepSeek,Collections,11,PASS,1
DeepSeek,Collections,12,FAIL,1
DeepSeek,Collections,13,FAIL,1
DeepSeek,Collections,14,PASS,1
DeepSeek,Collections,15,PASS,1
DeepSeek,Collections,16,PASS,1
DeepSeek,Collections,17,FAIL,1
DeepSeek,Collections,18,PASS,1
DeepSeek,Collections,19,PASS,1
DeepSeek,Collections,20,PASS,1
DeepSeek,Collections,21,PASS,1
DeepSeek,Collections,22,PASS,1
DeepSeek,Collections,23,FAIL,1
DeepSeek,Collections,24,PASS,1
DeepSeek,Collections,25,FAIL,1
DeepSeek,Collections,26,FAIL,1
DeepSeek,Collections,27,FAIL,1
DeepSeek,Collections,28,FAIL,1
DeepSeek,Compress,1,FAIL,1
DeepSeek,Compress,3,FAIL,1
DeepSeek,Compress,4,FAIL,4
DeepSeek,Compress,5,UNKNOWN,1
DeepSeek,Compress,6,FAIL,1
DeepSeek,Compress,7,PASS,1
DeepSeek,Compress,8,PASS,1
DeepSeek,Compress,9,PASS,1
DeepSeek,Compress,10,FAIL,1
DeepSeek,Compress,11,FAIL,1
DeepSeek,Compress,12,PASS,1
DeepSeek,Compress,13,FAIL,1
DeepSeek,Compress,14,PASS,1
DeepSeek,Compress,15,PASS,1
DeepSeek,Compress,16,PASS,1
DeepSeek,Compress,17,PASS,1
DeepSeek,Compress,18,PASS,1
DeepSeek,Compress,19,PASS,1
DeepSeek,Compress,20,FAIL,2
DeepSeek,Compress,21,PASS,2
DeepSeek,Compress,22,FAIL,2
DeepSeek,Compress,23,FAIL,2
DeepSeek,Compress,24,FAIL,2
DeepSeek,Compress,25,FAIL,2
DeepSeek,Compress,26,FAIL,2
DeepSeek,Compress,27,PASS,2
DeepSeek,Compress,28,FAIL,2
DeepSeek,Compress,29,FAIL,7
DeepSeek,Compress,30,PASS,1
DeepSeek,Compress,31,PASS,1
DeepSeek,Compress,32,PASS,1
DeepSeek,Compress,33,FAIL,2
DeepSeek,Compress,34,PASS,1
DeepSeek,Compress,35,PASS,1
DeepSeek,Compress,36,FAIL,1
DeepSeek,Compress,37,FAIL,1
DeepSeek,Compress,38,PASS,1
DeepSeek,Compress,39,PASS,1
DeepSeek,Compress,40,PASS,1
DeepSeek,Compress,41,PASS,1
DeepSeek,Compress,42,FAIL,2
DeepSeek,Compress,43,PASS,1
DeepSeek,Compress,44,PASS,1
DeepSeek,Compress,45,PASS,1
DeepSeek,Compress,46,FAIL,1
DeepSeek,Csv,1,PASS,1
DeepSeek,Csv,2,PASS,1
DeepSeek,Csv,3,UNKNOWN,1
DeepSeek,Csv,4,FAIL,1
DeepSeek,Csv,5,FAIL,1
DeepSeek,Csv,6,PASS,1
DeepSeek,Csv,7,FAIL,1
DeepSeek,Csv,8,FAIL,1
DeepSeek,Csv,9,PASS,1
DeepSeek,Csv,10,FAIL,1
DeepSeek,Csv,11,PASS,1
DeepSeek,Csv,12,FAIL,1
DeepSeek,Csv,13,PASS,1
DeepSeek,Csv,14,FAIL,1
DeepSeek,Csv,15,FAIL,1
DeepSeek,Csv,16,PASS,1
DeepSeek,Gson,1,PASS,1
DeepSeek,Gson,2,FAIL,1
DeepSeek,Gson,3,FAIL,1
DeepSeek,Gson,4,FAIL,2
DeepSeek,Gson,5,PASS,1
DeepSeek,Gson,6,PASS,1
DeepSeek,Gson,7,PASS,1
DeepSeek,Gson,8,PASS,1
DeepSeek,Gson,9,FAIL,3
DeepSeek,Gson,10,PASS,1
DeepSeek,Gson,11,FAIL,1
DeepSeek,Gson,12,PASS,1
DeepSeek,Gson,13,PASS,1
DeepSeek,Gson,14,UNKNOWN,1
DeepSeek,Gson,15,FAIL,1
DeepSeek,Gson,16,UNKNOWN,1
DeepSeek,Gson,17,PASS,1
DeepSeek,Gson,18,UNKNOWN,1
DeepSeek,JacksonCore,1,PASS,2
DeepSeek,JacksonCore,2,FAIL,2
DeepSeek,JacksonCore,3,FAIL,1
DeepSeek,JacksonCore,4,FAIL,1
DeepSeek,JacksonCore,5,PASS,1
DeepSeek,JacksonCore,6,PASS,1
DeepSeek,JacksonCore,7,FAIL,1
DeepSeek,JacksonCore,8,FAIL,1
DeepSeek,JacksonCore,9,FAIL,3
DeepSeek,JacksonCore,10,FAIL,1
DeepSeek,JacksonCore,11,PASS,1
DeepSeek,JacksonCore,12,PASS,2
DeepSeek,JacksonCore,13,FAIL,1
DeepSeek,JacksonCore,14,PASS,1
DeepSeek,JacksonCore,15,FAIL,1
DeepSeek,JacksonCore,16,FAIL,1
DeepSeek,JacksonCore,17,FAIL,1
DeepSeek,JacksonCore,18,FAIL,3
DeepSeek,JacksonCore,19,FAIL,2
DeepSeek,JacksonCore,20,FAIL,1
DeepSeek,JacksonCore,21,FAIL,1
DeepSeek,JacksonCore,22,UNKNOWN,1
DeepSeek,JacksonCore,23,PASS,1
DeepSeek,JacksonCore,24,FAIL,2
DeepSeek,JacksonCore,25,FAIL,1
DeepSeek,JacksonCore,26,PASS,1
DeepSeek,JacksonDatabind,2,FAIL,1
DeepSeek,JacksonDatabind,3,FAIL,1
DeepSeek,JacksonDatabind,6,PASS,1
DeepSeek,JacksonDatabind,7,FAIL,1
DeepSeek,JacksonDatabind,10,FAIL,2
DeepSeek,JacksonDatabind,11,FAIL,1
DeepSeek,JacksonDatabind,13,FAIL,1
DeepSeek,JacksonDatabind,14,FAIL,1
DeepSeek,JacksonDatabind,15,FAIL,1
DeepSeek,JacksonDatabind,17,PASS,1
DeepSeek,JacksonDatabind,18,FAIL,1
DeepSeek,JacksonDatabind,19,FAIL,1
DeepSeek,JacksonDatabind,20,FAIL,1
DeepSeek,JacksonDatabind,25,FAIL,2
DeepSeek,JacksonDatabind,27,PASS,1
DeepSeek,JacksonDatabind,28,FAIL,1
DeepSeek,JacksonDatabind,30,FAIL,2
DeepSeek,JacksonDatabind,32,PASS,1
DeepSeek,JacksonDatabind,36,PASS,1
DeepSeek,JacksonDatabind,37,PASS,1
DeepSeek,JacksonDatabind,38,FAIL,2
DeepSeek,JacksonDatabind,39,FAIL,1
DeepSeek,JacksonDatabind,43,PASS,1
DeepSeek,JacksonDatabind,44,FAIL,1
DeepSeek,JacksonDatabind,47,FAIL,1
DeepSeek,JacksonDatabind,48,FAIL,1
DeepSeek,JacksonDatabind,50,FAIL,1
DeepSeek,JacksonDatabind,54,FAIL,1
DeepSeek,JacksonDatabind,55,PASS,1
DeepSeek,JacksonDatabind,56,PASS,1
DeepSeek,JacksonDatabind,58,FAIL,1
DeepSeek,JacksonDatabind,59,PASS,1
DeepSeek,JacksonDatabind,61,FAIL,1
DeepSeek,JacksonDatabind,62,FAIL,1
DeepSeek,JacksonDatabind,63,PASS,1
DeepSeek,JacksonDatabind,67,FAIL,1
DeepSeek,JacksonDatabind,68,UNKNOWN,1
DeepSeek,JacksonDatabind,72,FAIL,1
DeepSeek,JacksonDatabind,73,FAIL,1
DeepSeek,JacksonDatabind,74,FAIL,1
DeepSeek,JacksonDatabind,75,FAIL,1
DeepSeek,JacksonDatabind,76,FAIL,1
DeepSeek,JacksonDatabind,77,FAIL,1
DeepSeek,JacksonDatabind,79,FAIL,3
DeepSeek,JacksonDatabind,80,FAIL,1
DeepSeek,JacksonDatabind,81,FAIL,1
DeepSeek,JacksonDatabind,82,FAIL,1
DeepSeek,JacksonDatabind,84,PASS,1
DeepSeek,JacksonDatabind,85,FAIL,1
DeepSeek,JacksonDatabind,86,FAIL,1
DeepSeek,JacksonDatabind,90,FAIL,1
DeepSeek,JacksonDatabind,94,PASS,1
DeepSeek,JacksonDatabind,95,FAIL,1
DeepSeek,JacksonDatabind,97,PASS,1
DeepSeek,JacksonDatabind,98,FAIL,1
DeepSeek,JacksonDatabind,100,FAIL,1
DeepSeek,JacksonDatabind,103,FAIL,5
DeepSeek,JacksonDatabind,104,PASS,1
DeepSeek,JacksonDatabind,105,PASS,1
DeepSeek,JacksonDatabind,106,FAIL,1
DeepSeek,JacksonDatabind,108,PASS,1
DeepSeek,JacksonDatabind,109,FAIL,2
DeepSeek,JacksonDatabind,111,FAIL,1
DeepSeek,JacksonXml,1,PASS,1
DeepSeek,JacksonXml,2,PASS,1
DeepSeek,JacksonXml,3,FAIL,1
DeepSeek,JacksonXml,4,FAIL,1
DeepSeek,JacksonXml,5,FAIL,1
DeepSeek,JacksonXml,6,PASS,1
DeepSeek,Jsoup,1,PASS,1
DeepSeek,Jsoup,2,PASS,1
DeepSeek,Jsoup,3,FAIL,3
DeepSeek,Jsoup,4,PASS,1
DeepSeek,Jsoup,5,PASS,1
DeepSeek,Jsoup,6,PASS,1
DeepSeek,Jsoup,7,PASS,1
DeepSeek,Jsoup,8,PASS,1
DeepSeek,Jsoup,9,PASS,1
DeepSeek,Jsoup,10,PASS,1
DeepSeek,Jsoup,11,PASS,1
DeepSeek,Jsoup,12,PASS,1
DeepSeek,Jsoup,13,PASS,1
DeepSeek,Jsoup,14,FAIL,2
DeepSeek,Jsoup,15,PASS,1
DeepSeek,Jsoup,16,PASS,1
DeepSeek,Jsoup,17,FAIL,1
DeepSeek,Jsoup,18,PASS,1
DeepSeek,Jsoup,19,PASS,1
DeepSeek,Jsoup,20,PASS,1
DeepSeek,Jsoup,21,FAIL,2
DeepSeek,Jsoup,22,PASS,3
DeepSeek,Jsoup,23,FAIL,2
DeepSeek,Jsoup,24,PASS,1
DeepSeek,Jsoup,25,PASS,1
DeepSeek,Jsoup,26,PASS,1
DeepSeek,Jsoup,27,PASS,1
DeepSeek,Jsoup,28,PASS,3
DeepSeek,Jsoup,29,PASS,1
DeepSeek,Jsoup,30,PASS,1
DeepSeek,Jsoup,31,FAIL,3
DeepSeek,Jsoup,32,FAIL,1
DeepSeek,Jsoup,33,PASS,1
DeepSeek,Jsoup,34,PASS,1
DeepSeek,Jsoup,35,FAIL,1
DeepSeek,Jsoup,36,PASS,1
DeepSeek,Jsoup,37,PASS,1
DeepSeek,Jsoup,38,FAIL,1
DeepSeek,Jsoup,39,PASS,1
DeepSeek,Jsoup,40,PASS,1
DeepSeek,Jsoup,41,PASS,1
DeepSeek,Jsoup,42,FAIL,1
DeepSeek,Jsoup,43,FAIL,1
DeepSeek,Jsoup,44,PASS,1
DeepSeek,Jsoup,45,FAIL,1
DeepSeek,Jsoup,46,PASS,1
DeepSeek,Jsoup,47,PASS,1
DeepSeek,Jsoup,48,FAIL,1
DeepSeek,Jsoup,49,FAIL,1
DeepSeek,Jsoup,50,PASS,1
DeepSeek,Jsoup,51,PASS,1
DeepSeek,Jsoup,52,FAIL,3
DeepSeek,Jsoup,53,UNKNOWN,1
DeepSeek,Jsoup,54,PASS,1
DeepSeek,Jsoup,55,FAIL,1
DeepSeek,Jsoup,56,FAIL,2
DeepSeek,Jsoup,57,PASS,1
DeepSeek,Jsoup,58,PASS,3
DeepSeek,Jsoup,59,PASS,1
DeepSeek,Jsoup,60,FAIL,2
DeepSeek,Jsoup,61,FAIL,1
DeepSeek,Jsoup,62,PASS,1
DeepSeek,Jsoup,63,FAIL,2
DeepSeek,Jsoup,64,FAIL,1
DeepSeek,Jsoup,65,FAIL,2
DeepSeek,Jsoup,66,PASS,1
DeepSeek,Jsoup,67,PASS,1
DeepSeek,Jsoup,68,FAIL,1
DeepSeek,Jsoup,69,PASS,1
DeepSeek,Jsoup,70,FAIL,1
DeepSeek,Jsoup,71,FAIL,1
DeepSeek,Jsoup,72,FAIL,1
DeepSeek,Jsoup,73,PASS,1
DeepSeek,Jsoup,74,PASS,1
DeepSeek,Jsoup,75,PASS,1
DeepSeek,Jsoup,76,FAIL,1
DeepSeek,Jsoup,77,FAIL,1
DeepSeek,Jsoup,78,PASS,1
DeepSeek,Jsoup,79,PASS,1
DeepSeek,Jsoup,80,FAIL,1
DeepSeek,Jsoup,81,PASS,1
DeepSeek,Jsoup,82,PASS,1
DeepSeek,Jsoup,83,FAIL,2
DeepSeek,Jsoup,84,PASS,1
DeepSeek,Jsoup,85,PASS,1
DeepSeek,Jsoup,86,PASS,1
DeepSeek,Jsoup,87,FAIL,4
DeepSeek,Jsoup,88,PASS,1
DeepSeek,Jsoup,89,PASS,1
DeepSeek,Jsoup,90,FAIL,1
DeepSeek,Jsoup,91,PASS,1
DeepSeek,Jsoup,92,FAIL,5
DeepSeek,Jsoup,93,PASS,1
DeepSeek,JxPath,1,PASS,2
DeepSeek,JxPath,2,PASS,1
DeepSeek,JxPath,3,PASS,1
DeepSeek,JxPath,4,PASS,2
DeepSeek,JxPath,5,PASS,1
DeepSeek,JxPath,6,PASS,1
DeepSeek,JxPath,7,FAIL,5
DeepSeek,JxPath,8,FAIL,1
DeepSeek,JxPath,9,FAIL,3
DeepSeek,JxPath,10,FAIL,1
DeepSeek,JxPath,11,FAIL,1
DeepSeek,JxPath,12,FAIL,1
DeepSeek,JxPath,13,FAIL,2
DeepSeek,JxPath,14,FAIL,1
DeepSeek,JxPath,15,PASS,1
DeepSeek,JxPath,16,FAIL,2
DeepSeek,JxPath,17,PASS,2
DeepSeek,JxPath,18,PASS,1
DeepSeek,JxPath,19,PASS,2
DeepSeek,JxPath,20,FAIL,1
DeepSeek,JxPath,21,PASS,1
DeepSeek,JxPath,22,FAIL,1
DeepSeek,Lang,1,FAIL,1
DeepSeek,Lang,3,PASS,1
DeepSeek,Lang,4,PASS,1
DeepSeek,Lang,5,PASS,1
DeepSeek,Lang,6,PASS,1
DeepSeek,Lang,7,PASS,1
DeepSeek,Lang,8,PASS,1
DeepSeek,Lang,9,PASS,1
DeepSeek,Lang,10,PASS,1
DeepSeek,Lang,11,PASS,1
DeepSeek,Lang,12,PASS,1
DeepSeek,Lang,13,PASS,1
DeepSeek,Lang,14,PASS,1
DeepSeek,Lang,15,FAIL,1
DeepSeek,Lang,16,PASS,1
DeepSeek,Lang,17,PASS,1
DeepSeek,Lang,19,PASS,1
DeepSeek,Lang,20,FAIL,1
DeepSeek,Lang,21,PASS,1
DeepSeek,Lang,22,PASS,1
DeepSeek,Lang,23,PASS,1
DeepSeek,Lang,24,PASS,1
DeepSeek,Lang,26,PASS,1
DeepSeek,Lang,27,PASS,1
DeepSeek,Lang,28,PASS,1
DeepSeek,Lang,29,PASS,1
DeepSeek,Lang,30,FAIL,1
DeepSeek,Lang,31,FAIL,1
DeepSeek,Lang,32,PASS,1
DeepSeek,Lang,33,PASS,1
DeepSeek,Lang,35,FAIL,1
DeepSeek,Lang,36,PASS,1
DeepSeek,Lang,37,FAIL,1
DeepSeek,Lang,38,PASS,1
DeepSeek,Lang,39,PASS,1
DeepSeek,Lang,40,FAIL,1
DeepSeek,Lang,41,PASS,1
DeepSeek,Lang,42,PASS,1
DeepSeek,Lang,43,UNKNOWN,1
DeepSeek,Lang,44,PASS,1
DeepSeek,Lang,45,PASS,1
DeepSeek,Lang,46,PASS,1
DeepSeek,Lang,47,PASS,1
DeepSeek,Lang,49,PASS,1
DeepSeek,Lang,50,PASS,1
DeepSeek,Lang,51,FAIL,1
DeepSeek,Lang,52,PASS,1
DeepSeek,Lang,53,PASS,1
DeepSeek,Lang,54,PASS,1
DeepSeek,Lang,55,PASS,1
DeepSeek,Lang,56,PASS,1
DeepSeek,Lang,57,PASS,1
DeepSeek,Lang,58,FAIL,1
DeepSeek,Lang,59,FAIL,1
DeepSeek,Lang,60,FAIL,1
DeepSeek,Lang,61,PASS,1
DeepSeek,Lang,62,PASS,1
DeepSeek,Lang,63,PASS,1
DeepSeek,Lang,64,PASS,1
DeepSeek,Lang,65,FAIL,1
DeepSeek,Math,1,PASS,2
DeepSeek,Math,2,PASS,1
DeepSeek,Math,3,FAIL,1
DeepSeek,Math,4,FAIL,2
DeepSeek,Math,5,PASS,1
DeepSeek,Math,6,FAIL,6
DeepSeek,Math,7,FAIL,1
DeepSeek,Math,8,PASS,1
DeepSeek,Math,9,PASS,1
DeepSeek,Math,10,FAIL,1
DeepSeek,Math,11,PASS,1
DeepSeek,Math,12,PASS,1
DeepSeek,Math,13,FAIL,1
DeepSeek,Math,14,PASS,2
DeepSeek,Math,15,PASS,1
DeepSeek,Math,16,PASS,1
DeepSeek,Math,17,FAIL,1
DeepSeek,Math,18,PASS,1
DeepSeek,Math,19,PASS,1
DeepSeek,Math,20,PASS,1
DeepSeek,Math,21,PASS,1
DeepSeek,Math,22,FAIL,2
DeepSeek,Math,23,PASS,1
DeepSeek,Math,24,PASS,1
DeepSeek,Math,25,FAIL,1
DeepSeek,Math,26,PASS,1
DeepSeek,Math,27,FAIL,1
DeepSeek,Math,28,PASS,1
DeepSeek,Math,29,FAIL,1
DeepSeek,Math,30,PASS,1
DeepSeek,Math,31,FAIL,1
DeepSeek,Math,32,PASS,1
DeepSeek,Math,33,PASS,1
DeepSeek,Math,34,PASS,1
DeepSeek,Math,35,FAIL,1
DeepSeek,Math,36,PASS,1
DeepSeek,Math,37,FAIL,1
DeepSeek,Math,38,PASS,1
DeepSeek,Math,39,FAIL,1
DeepSeek,Math,40,PASS,1
DeepSeek,Math,41,PASS,1
DeepSeek,Math,42,PASS,1
DeepSeek,Math,43,PASS,1
DeepSeek,Math,44,FAIL,1
DeepSeek,Math,45,PASS,1
DeepSeek,Math,46,FAIL,1
DeepSeek,Math,47,FAIL,1
DeepSeek,Math,48,PASS,1
DeepSeek,Math,49,FAIL,1
DeepSeek,Math,50,PASS,1
DeepSeek,Math,51,PASS,1
DeepSeek,Math,52,FAIL,1
DeepSeek,Math,53,PASS,1
DeepSeek,Math,54,FAIL,1
DeepSeek,Math,55,PASS,1
DeepSeek,Math,56,PASS,1
DeepSeek,Math,57,PASS,1
DeepSeek,Math,58,PASS,1
DeepSeek,Math,59,FAIL,1
DeepSeek,Math,60,PASS,1
DeepSeek,Math,61,PASS,1
DeepSeek,Math,62,FAIL,1
DeepSeek,Math,63,PASS,1
DeepSeek,Math,64,FAIL,1
DeepSeek,Math,65,PASS,1
DeepSeek,Math,66,PASS,1
DeepSeek,Math,67,FAIL,1
DeepSeek,Math,68,FAIL,1
DeepSeek,Math,69,PASS,1
DeepSeek,Math,70,PASS,1
DeepSeek,Math,71,FAIL,3
DeepSeek,Math,72,PASS,1
DeepSeek,Math,73,PASS,1
DeepSeek,Math,74,PASS,1
DeepSeek,Math,75,PASS,1
DeepSeek,Math,76,PASS,1
DeepSeek,Math,77,FAIL,2
DeepSeek,Math,78,FAIL,1
DeepSeek,Math,79,PASS,1
DeepSeek,Math,80,PASS,1
DeepSeek,Math,81,PASS,1
DeepSeek,Math,82,FAIL,1
DeepSeek,Math,83,FAIL,1
DeepSeek,Math,84,PASS,1
DeepSeek,Math,85,PASS,1
DeepSeek,Math,86,FAIL,1
DeepSeek,Math,87,FAIL,1
DeepSeek,Math,88,FAIL,1
DeepSeek,Math,89,PASS,1
DeepSeek,Math,90,PASS,1
DeepSeek,Math,91,FAIL,1
DeepSeek,Math,92,FAIL,1
DeepSeek,Math,93,FAIL,1
DeepSeek,Math,94,FAIL,1
DeepSeek,Math,95,PASS,1
DeepSeek,Math,96,PASS,1
DeepSeek,Math,97,PASS,1
DeepSeek,Math,98,FAIL,2
DeepSeek,Math,99,FAIL,1
DeepSeek,Math,100,FAIL,1
DeepSeek,Math,101,PASS,1
DeepSeek,Math,102,PASS,1
DeepSeek,Math,103,PASS,1
DeepSeek,Math,104,PASS,1
DeepSeek,Math,105,PASS,1
DeepSeek,Math,106,PASS,1
DeepSeek,Mockito,1,PASS,1
DeepSeek,Mockito,2,PASS,1
DeepSeek,Mockito,3,PASS,1
DeepSeek,Mockito,4,PASS,1
DeepSeek,Mockito,5,PASS,1
DeepSeek,Mockito,6,PASS,1
DeepSeek,Mockito,7,PASS,1
DeepSeek,Mockito,8,PASS,1
DeepSeek,Mockito,9,PASS,1
DeepSeek,Mockito,10,PASS,1
DeepSeek,Mockito,11,PASS,1
DeepSeek,Mockito,12,PASS,1
DeepSeek,Mockito,13,FAIL,1
DeepSeek,Mockito,14,FAIL,2
DeepSeek,Mockito,15,PASS,1
DeepSeek,Mockito,16,PASS,2
DeepSeek,Mockito,17,PASS,2
DeepSeek,Mockito,18,PASS,1
DeepSeek,Mockito,19,FAIL,5
DeepSeek,Mockito,20,PASS,1
DeepSeek,Mockito,21,PASS,1
DeepSeek,Mockito,22,PASS,1
DeepSeek,Mockito,23,PASS,1
DeepSeek,Mockito,24,PASS,1
DeepSeek,Mockito,25,PASS,1
DeepSeek,Mockito,26,PASS,1
DeepSeek,Mockito,27,PASS,1
DeepSeek,Mockito,28,PASS,1
DeepSeek,Mockito,29,PASS,1
DeepSeek,Mockito,30,PASS,2
DeepSeek,Mockito,31,PASS,1
DeepSeek,Mockito,32,PASS,1
DeepSeek,Mockito,33,PASS,1
DeepSeek,Mockito,34,PASS,1
DeepSeek,Mockito,35,PASS,1
DeepSeek,Mockito,36,PASS,1
DeepSeek,Mockito,37,PASS,1
DeepSeek,Mockito,38,FAIL,1
DeepSeek,Time,1,FAIL,2
DeepSeek,Time,2,FAIL,2
DeepSeek,Time,3,FAIL,1
DeepSeek,Time,4,PASS,1
DeepSeek,Time,5,FAIL,1
DeepSeek,Time,6,PASS,1
DeepSeek,Time,7,PASS,1
DeepSeek,Time,8,PASS,1
DeepSeek,Time,9,PASS,1
DeepSeek,Time,10,FAIL,1
DeepSeek,Time,11,FAIL,1
DeepSeek,Time,12,FAIL,2
DeepSeek,Time,14,FAIL,1
DeepSeek,Time,15,PASS,1
DeepSeek,Time,16,PASS,1
DeepSeek,Time,17,PASS,1
DeepSeek,Time,18,FAIL,1
DeepSeek,Time,19,PASS,1
DeepSeek,Time,20,FAIL,2
DeepSeek,Time,22,FAIL,1
DeepSeek,Time,23,PASS,1
DeepSeek,Time,24,PASS,1
DeepSeek,Time,25,PASS,1
DeepSeek,Time,26,FAIL,3
DeepSeek,Time,27,FAIL,1
