Project,Bug_ID,Method,Line_Coverage
Cli,1,GWO,100.00
Cli,2,GWO,93.00
Cli,3,GWO,82.00
Cli,4,GWO,79.00
Cli,5,GWO,100.00
Cli,8,GWO,98.00
Cli,9,GWO,80.00
Cli,10,GWO,75.00
Cli,11,GWO,97.00
Cli,12,GWO,96.00
Cli,13,GWO,100.00
Cli,14,GWO,63.00
Cli,15,GWO,100.00
Cli,16,GWO,100.00
Cli,17,GWO,94.00
Cli,18,GWO,92.00
Cli,19,GWO,92.00
Cli,20,GWO,94.00
Cli,21,GWO,100.00
Cli,22,GWO,98.00
Cli,23,GWO,98.00
Cli,24,GWO,99.00
Cli,25,GWO,98.00
Cli,26,GWO,97.00
Cli,27,GWO,100.00
Cli,28,GWO,84.00
Cli,29,GWO,100.00
Cli,30,GWO,58.00
Cli,31,GWO,90.00
Cli,32,GWO,98.00
Cli,33,GWO,91.00
Cli,34,GWO,98.00
Cli,35,GWO,100.00
Cli,36,GWO,100.00
Cli,37,GWO,53.00
Cli,38,GWO,62.00
Cli,39,GWO,100.00
Cli,40,GWO,84.00
Math,1,GWO,97.00
Math,2,GWO,99.00
Math,3,GWO,97.00
Math,4,GWO,96.00
Math,5,GWO,100.00
Math,6,GWO,90.00
Math,7,GWO,95.00
Math,8,GWO,95.00
Math,9,GWO,100.00
Math,10,GWO,88.00
Math,11,GWO,98.00
Math,12,GWO,100.00
Math,13,GWO,0.00
Math,14,GWO,65.00
Math,15,GWO,90.00
Math,16,GWO,91.00
Math,17,GWO,26.00
Math,18,GWO,39.00
Math,19,GWO,83.00
Math,20,GWO,68.00
Math,21,GWO,100.00
Math,22,GWO,98.00
Math,24,GWO,92.00
Math,25,GWO,99.00
Math,26,GWO,98.00
Math,27,GWO,98.00
Math,28,GWO,100.00
Math,29,GWO,99.00
Math,30,GWO,100.00
Math,31,GWO,0.00
Math,32,GWO,90.00
Math,33,GWO,94.00
Math,34,GWO,90.00
Math,35,GWO,100.00
Math,36,GWO,97.00
Math,37,GWO,100.00
Math,38,GWO,1.00
Math,39,GWO,94.00
Math,40,GWO,98.00
Math,41,GWO,100.00
Math,42,GWO,94.00
Math,43,GWO,100.00
Math,44,GWO,72.00
Math,45,GWO,57.00
Math,46,GWO,99.00
Math,47,GWO,99.00
Math,48,GWO,96.00
Math,49,GWO,96.00
Math,50,GWO,93.00
Math,51,GWO,97.00
Math,52,GWO,92.00
Math,53,GWO,97.00
Math,54,GWO,26.00
Math,55,GWO,99.00
Math,56,GWO,100.00
Math,57,GWO,97.00
Math,58,GWO,87.00
Math,59,GWO,79.00
Math,60,GWO,87.00
Math,61,GWO,100.00
Math,62,GWO,96.00
Math,63,GWO,89.00
Math,64,GWO,12.00
Math,65,GWO,82.00
Math,66,GWO,100.00
Math,67,GWO,89.00
Math,68,GWO,10.00
Math,69,GWO,99.00
Math,70,GWO,100.00
Math,71,GWO,100.00
Math,72,GWO,100.00
Math,73,GWO,100.00
Math,74,GWO,65.00
Math,75,GWO,98.00
Math,76,GWO,96.00
Math,77,GWO,94.00
Math,78,GWO,88.00
Math,79,GWO,88.00
Math,80,GWO,83.00
Math,81,GWO,72.00
Math,82,GWO,98.00
Math,83,GWO,95.00
Math,84,GWO,100.00
Math,85,GWO,92.00
Math,86,GWO,42.00
Math,87,GWO,94.00
Math,88,GWO,93.00
Math,89,GWO,100.00
Math,90,GWO,100.00
Math,91,GWO,97.00
Math,92,GWO,87.00
Math,93,GWO,87.00
Math,94,GWO,85.00
Math,95,GWO,100.00
Math,97,GWO,100.00
Math,98,GWO,82.00
Math,99,GWO,89.00
Math,102,GWO,97.00
Math,103,GWO,100.00
Math,104,GWO,95.00
Math,105,GWO,100.00
Chart,1,Zest,13.07
Chart,2,Zest,7.13
Chart,3,Zest,15.71
Chart,4,Zest,11.44
Chart,5,Zest,49.14
Chart,6,Zest,32.35
Chart,7,Zest,34.59
Chart,8,Zest,50.62
Chart,9,Zest,20.76
Chart,10,Zest,100.00
Chart,11,Zest,35.53
Chart,12,Zest,25.26
Chart,13,Zest,24.89
Chart,14,Zest,8.68
Chart,15,Zest,11.56
Chart,16,Zest,51.60
Chart,17,Zest,20.76
Chart,18,Zest,26.57
Chart,19,Zest,16.84
Chart,20,Zest,54.55
Chart,21,Zest,35.83
Chart,22,Zest,73.10
Chart,23,Zest,25.64
Chart,24,Zest,72.00
Chart,25,Zest,10.99
Chart,26,Zest,18.52
Cli,35,Zest,83.05
Cli,36,Zest,55.32
Cli,37,Zest,23.04
Cli,38,Zest,26.94
Cli,39,Zest,75.56
Cli,40,Zest,75.56
Closure,1,Zest,3.57
Closure,2,Zest,9.00
Closure,3,Zest,7.22
Closure,4,Zest,0.76
Closure,5,Zest,4.37
Closure,6,Zest,8.60
Closure,7,Zest,3.41
Closure,8,Zest,4.65
Closure,9,Zest,23.64
Closure,10,Zest,4.17
Closure,11,Zest,8.76
Closure,12,Zest,3.23
Closure,13,Zest,44.19
Closure,14,Zest,5.90
Closure,15,Zest,5.95
Closure,16,Zest,12.08
Closure,17,Zest,1.92
Closure,18,Zest,9.24
Closure,19,Zest,3.49
Closure,20,Zest,5.03
Closure,21,Zest,27.14
Closure,22,Zest,27.14
Closure,23,Zest,4.15
Closure,24,Zest,13.22
Closure,25,Zest,1.32
Closure,26,Zest,25.23
Closure,27,Zest,12.77
Closure,28,Zest,46.43
Closure,29,Zest,4.42
Closure,30,Zest,4.45
Closure,31,Zest,9.37
Closure,32,Zest,1.24
Closure,33,Zest,4.59
Closure,34,Zest,6.50
Closure,35,Zest,1.29
Closure,36,Zest,7.90
Closure,37,Zest,4.67
Closure,38,Zest,65.18
Closure,39,Zest,4.88
Closure,40,Zest,14.06
Closure,41,Zest,8.77
Closure,42,Zest,4.64
Closure,43,Zest,1.99
Closure,44,Zest,65.77
Closure,45,Zest,3.62
Closure,46,Zest,2.04
Closure,47,Zest,11.08
Closure,48,Zest,2.04
Closure,49,Zest,13.27
Closure,50,Zest,5.77
Closure,51,Zest,63.30
Closure,52,Zest,18.82
Closure,53,Zest,4.65
Closure,54,Zest,2.09
Closure,55,Zest,12.74
Closure,56,Zest,41.67
Closure,57,Zest,15.11
Closure,58,Zest,2.83
Closure,59,Zest,9.33
Closure,60,Zest,3.94
Closure,61,Zest,4.17
Closure,62,Zest,20.27
Closure,64,Zest,10.59
Closure,65,Zest,17.98
Closure,66,Zest,8.80
Closure,67,Zest,27.27
Closure,68,Zest,1.08
Closure,69,Zest,8.82
Closure,70,Zest,2.48
Closure,71,Zest,11.24
Closure,72,Zest,16.06
Closure,73,Zest,14.85
Closure,74,Zest,2.60
Closure,75,Zest,6.83
Closure,76,Zest,8.67
Closure,77,Zest,15.47
Closure,78,Zest,2.76
Closure,79,Zest,10.71
Closure,80,Zest,4.04
Closure,81,Zest,5.24
Closure,82,Zest,1.35
Closure,83,Zest,43.15
Closure,84,Zest,5.63
Closure,85,Zest,21.62
Closure,86,Zest,4.37
Closure,87,Zest,9.48
Closure,88,Zest,9.49
Closure,89,Zest,7.54
Closure,90,Zest,4.26
Closure,91,Zest,17.24
Closure,92,Zest,5.13
Closure,94,Zest,4.64
Closure,95,Zest,1.20
Closure,96,Zest,9.50
Closure,97,Zest,3.24
Closure,98,Zest,14.92
Closure,99,Zest,19.61
Closure,100,Zest,20.00
Closure,101,Zest,44.51
Closure,102,Zest,10.75
Closure,103,Zest,2.88
Closure,104,Zest,18.75
Closure,105,Zest,0.50
Closure,106,Zest,10.79
Closure,107,Zest,58.84
Closure,108,Zest,10.29
Closure,109,Zest,1.31
Closure,110,Zest,11.61
Closure,111,Zest,1.05
Closure,112,Zest,0.56
Closure,113,Zest,5.12
Closure,114,Zest,13.03
Closure,115,Zest,2.97
Closure,116,Zest,2.88
Closure,117,Zest,8.36
Closure,118,Zest,10.99
Closure,119,Zest,6.85
Closure,120,Zest,14.62
Closure,121,Zest,7.69
Closure,122,Zest,4.19
Closure,123,Zest,15.08
Closure,124,Zest,8.64
Closure,125,Zest,8.32
Closure,126,Zest,8.08
Closure,127,Zest,9.20
Closure,128,Zest,9.69
Closure,129,Zest,18.92
Closure,130,Zest,8.89
Closure,131,Zest,60.53
Closure,132,Zest,5.80
Closure,133,Zest,1.19
Codec,1,Zest,77.73
Codec,2,Zest,79.44
Codec,3,Zest,60.04
Codec,4,Zest,74.03
Codec,5,Zest,81.97
Codec,6,Zest,65.79
Codec,7,Zest,81.12
Codec,8,Zest,75.20
Codec,9,Zest,77.73
Codec,10,Zest,100.00
Codec,11,Zest,88.79
Codec,12,Zest,59.18
Codec,13,Zest,59.29
Codec,14,Zest,4.50
Codec,15,Zest,100.00
Codec,16,Zest,26.51
Codec,17,Zest,76.92
Codec,18,Zest,76.92
Collections,1,Zest,30.51
Collections,2,Zest,25.37
Collections,3,Zest,21.28
Collections,4,Zest,83.04
Collections,5,Zest,67.44
Collections,6,Zest,34.14
Collections,7,Zest,38.49
Collections,8,Zest,54.44
Collections,9,Zest,24.03
Collections,10,Zest,68.91
Collections,11,Zest,89.19
Collections,12,Zest,23.47
Collections,13,Zest,25.20
Collections,14,Zest,80.95
Collections,15,Zest,69.77
Collections,16,Zest,58.59
Collections,17,Zest,87.50
Collections,18,Zest,78.57
Collections,19,Zest,54.95
Collections,20,Zest,41.10
Collections,21,Zest,45.87
Collections,22,Zest,56.85
Collections,23,Zest,13.51
Collections,24,Zest,37.93
Collections,25,Zest,11.57
Collections,26,Zest,86.49
Collections,27,Zest,58.78
Collections,28,Zest,26.54
Compress,1,Zest,40.00
Compress,2,Zest,30.43
Compress,3,Zest,35.79
Compress,4,Zest,17.92
Compress,5,Zest,36.59
Compress,6,Zest,35.25
Compress,7,Zest,81.25
Compress,8,Zest,62.96
Compress,9,Zest,40.54
Compress,10,Zest,3.91
Compress,11,Zest,12.86
Compress,12,Zest,22.00
Compress,13,Zest,33.00
Compress,14,Zest,83.33
Compress,15,Zest,32.02
Compress,16,Zest,12.68
Compress,17,Zest,72.78
Compress,18,Zest,65.69
Compress,19,Zest,36.19
Compress,20,Zest,32.71
Compress,21,Zest,2.31
Compress,22,Zest,1.84
Compress,23,Zest,19.42
Compress,24,Zest,47.75
Compress,25,Zest,18.16
Compress,26,Zest,51.11
Compress,27,Zest,48.57
Compress,28,Zest,20.47
Compress,29,Zest,8.89
Compress,30,Zest,3.05
Compress,31,Zest,50.57
Compress,32,Zest,20.00
Compress,33,Zest,21.21
Compress,34,Zest,87.32
Compress,35,Zest,47.06
Compress,36,Zest,2.62
Compress,37,Zest,20.50
Compress,38,Zest,13.82
Compress,39,Zest,74.24
Compress,40,Zest,47.27
Compress,41,Zest,20.82
Compress,42,Zest,28.28
Compress,43,Zest,11.82
Compress,44,Zest,14.29
Compress,45,Zest,53.22
Compress,46,Zest,33.90
Compress,47,Zest,19.13
Csv,1,Zest,2.70
Csv,2,Zest,76.00
Csv,3,Zest,10.00
Csv,4,Zest,4.00
Csv,5,Zest,1.89
Csv,6,Zest,75.00
Csv,7,Zest,7.77
Csv,8,Zest,52.25
Csv,9,Zest,71.05
Csv,10,Zest,1.85
Csv,11,Zest,7.55
Csv,12,Zest,32.07
Csv,13,Zest,16.02
Csv,14,Zest,18.26
Csv,15,Zest,24.81
Csv,16,Zest,6.45
Gson,1,Zest,32.91
Gson,2,Zest,21.59
Gson,3,Zest,25.53
Gson,4,Zest,15.07
Gson,5,Zest,37.75
Gson,6,Zest,23.81
Gson,7,Zest,2.76
Gson,8,Zest,40.00
Gson,9,Zest,37.50
Gson,10,Zest,11.97
Gson,11,Zest,23.00
Gson,12,Zest,20.00
Gson,13,Zest,2.78
Gson,14,Zest,51.82
Gson,15,Zest,68.69
Gson,16,Zest,52.19
Gson,17,Zest,62.50
Gson,18,Zest,52.17
JacksonCore,1,Zest,35.48
JacksonCore,2,Zest,0.28
JacksonCore,3,Zest,0.26
JacksonCore,4,Zest,44.32
JacksonCore,5,Zest,86.90
JacksonCore,6,Zest,82.02
JacksonCore,7,Zest,65.28
JacksonCore,8,Zest,40.59
JacksonCore,9,Zest,0.51
JacksonCore,10,Zest,17.56
JacksonCore,11,Zest,17.70
JacksonCore,12,Zest,0.16
JacksonCore,13,Zest,25.71
JacksonCore,14,Zest,48.53
JacksonCore,15,Zest,7.41
JacksonCore,16,Zest,10.53
JacksonCore,17,Zest,0.79
JacksonCore,18,Zest,1.14
JacksonCore,19,Zest,0.16
JacksonCore,20,Zest,12.41
JacksonCore,21,Zest,6.48
JacksonCore,22,Zest,6.44
JacksonCore,23,Zest,62.04
JacksonCore,24,Zest,2.78
JacksonCore,25,Zest,0.21
JacksonCore,26,Zest,0.67
JacksonDatabind,1,Zest,1.02
JacksonDatabind,2,Zest,15.06
JacksonDatabind,3,Zest,20.97
JacksonDatabind,4,Zest,17.65
JacksonDatabind,5,Zest,10.87
JacksonDatabind,6,Zest,61.96
JacksonDatabind,7,Zest,15.03
JacksonDatabind,8,Zest,19.51
JacksonDatabind,9,Zest,40.00
JacksonDatabind,10,Zest,8.07
JacksonDatabind,11,Zest,5.31
JacksonDatabind,12,Zest,0.38
JacksonDatabind,13,Zest,2.21
JacksonDatabind,14,Zest,1.29
JacksonDatabind,15,Zest,4.36
JacksonDatabind,16,Zest,57.14
JacksonDatabind,17,Zest,9.25
JacksonDatabind,18,Zest,34.41
JacksonDatabind,19,Zest,13.75
JacksonDatabind,20,Zest,32.26
JacksonDatabind,21,Zest,6.43
JacksonDatabind,22,Zest,8.14
JacksonDatabind,23,Zest,42.86
JacksonDatabind,24,Zest,25.76
JacksonDatabind,25,Zest,4.54
JacksonDatabind,26,Zest,20.97
JacksonDatabind,27,Zest,0.26
JacksonDatabind,28,Zest,26.67
JacksonDatabind,29,Zest,5.48
JacksonDatabind,30,Zest,13.11
JacksonDatabind,31,Zest,0.74
JacksonDatabind,32,Zest,11.03
JacksonDatabind,33,Zest,6.47
JacksonDatabind,34,Zest,55.17
JacksonDatabind,35,Zest,5.56
JacksonDatabind,36,Zest,54.00
JacksonDatabind,37,Zest,29.85
JacksonDatabind,38,Zest,30.66
JacksonDatabind,39,Zest,30.77
JacksonDatabind,40,Zest,12.11
JacksonDatabind,41,Zest,43.44
JacksonDatabind,42,Zest,13.39
JacksonDatabind,43,Zest,9.38
JacksonDatabind,44,Zest,30.77
JacksonDatabind,45,Zest,41.46
JacksonDatabind,46,Zest,3.85
JacksonDatabind,47,Zest,7.53
JacksonDatabind,48,Zest,0.69
JacksonDatabind,49,Zest,45.45
JacksonDatabind,50,Zest,0.23
JacksonDatabind,51,Zest,2.67
JacksonDatabind,52,Zest,0.13
JacksonDatabind,53,Zest,37.59
JacksonDatabind,54,Zest,6.19
JacksonDatabind,55,Zest,37.50
JacksonDatabind,56,Zest,12.82
JacksonDatabind,57,Zest,1.23
JacksonDatabind,58,Zest,5.26
JacksonDatabind,59,Zest,7.20
JacksonDatabind,60,Zest,2.01
JacksonDatabind,61,Zest,8.48
JacksonDatabind,62,Zest,8.03
JacksonDatabind,63,Zest,25.60
JacksonDatabind,64,Zest,5.45
JacksonDatabind,66,Zest,51.25
JacksonDatabind,67,Zest,5.80
JacksonDatabind,68,Zest,0.17
JacksonDatabind,69,Zest,5.51
JacksonDatabind,70,Zest,5.31
JacksonDatabind,71,Zest,52.35
JacksonDatabind,72,Zest,4.17
JacksonDatabind,73,Zest,0.54
JacksonDatabind,74,Zest,9.23
JacksonDatabind,75,Zest,8.70
JacksonDatabind,76,Zest,0.33
JacksonDatabind,77,Zest,5.12
JacksonDatabind,78,Zest,9.04
JacksonDatabind,79,Zest,6.35
JacksonDatabind,80,Zest,14.29
JacksonDatabind,81,Zest,6.90
JacksonDatabind,82,Zest,9.01
JacksonDatabind,83,Zest,13.22
JacksonDatabind,84,Zest,78.79
JacksonDatabind,85,Zest,29.03
JacksonDatabind,86,Zest,63.64
JacksonDatabind,87,Zest,37.25
JacksonDatabind,88,Zest,41.18
JacksonDatabind,90,Zest,13.39
JacksonDatabind,91,Zest,11.83
JacksonDatabind,92,Zest,9.74
JacksonDatabind,93,Zest,66.67
JacksonDatabind,94,Zest,57.89
JacksonDatabind,95,Zest,35.29
JacksonDatabind,96,Zest,5.06
JacksonDatabind,97,Zest,70.73
JacksonDatabind,98,Zest,7.04
JacksonDatabind,99,Zest,8.45
JacksonDatabind,100,Zest,3.36
JacksonDatabind,101,Zest,0.22
JacksonDatabind,102,Zest,24.64
JacksonDatabind,103,Zest,4.41
JacksonDatabind,104,Zest,55.44
JacksonDatabind,105,Zest,38.10
JacksonDatabind,106,Zest,3.20
JacksonDatabind,107,Zest,2.60
JacksonDatabind,108,Zest,1.11
JacksonDatabind,109,Zest,47.41
JacksonDatabind,110,Zest,23.73
JacksonDatabind,111,Zest,2.56
JacksonDatabind,112,Zest,26.37
JacksonXml,1,Zest,3.03
JacksonXml,2,Zest,2.14
JacksonXml,3,Zest,3.06
JacksonXml,4,Zest,17.21
JacksonXml,5,Zest,26.04
JacksonXml,6,Zest,1.89
Jsoup,1,Zest,80.43
Jsoup,2,Zest,74.85
Jsoup,3,Zest,55.12
Jsoup,5,Zest,75.14
Jsoup,7,Zest,68.75
Jsoup,8,Zest,44.29
Jsoup,10,Zest,46.15
Jsoup,11,Zest,6.88
Jsoup,12,Zest,7.89
Jsoup,13,Zest,33.84
Jsoup,14,Zest,13.12
Jsoup,15,Zest,4.73
Jsoup,16,Zest,100.00
Jsoup,17,Zest,4.63
Jsoup,18,Zest,73.47
Jsoup,19,Zest,87.25
Jsoup,20,Zest,41.30
Jsoup,21,Zest,57.81
Jsoup,22,Zest,9.16
Jsoup,23,Zest,38.43
Jsoup,24,Zest,11.39
Jsoup,25,Zest,71.11
Jsoup,26,Zest,4.00
Jsoup,27,Zest,38.78
Jsoup,28,Zest,38.12
Jsoup,29,Zest,70.94
Jsoup,30,Zest,3.28
Jsoup,31,Zest,12.02
Jsoup,32,Zest,1.65
Jsoup,33,Zest,7.87
Jsoup,34,Zest,65.44
Jsoup,35,Zest,4.73
Jsoup,36,Zest,31.94
Jsoup,37,Zest,1.63
Jsoup,38,Zest,4.55
Jsoup,39,Zest,30.26
Jsoup,40,Zest,100.00
Jsoup,41,Zest,1.53
Jsoup,42,Zest,2.44
Jsoup,43,Zest,2.13
Jsoup,44,Zest,91.67
Jsoup,45,Zest,11.44
Jsoup,46,Zest,45.76
Jsoup,47,Zest,45.76
Jsoup,48,Zest,23.48
Jsoup,49,Zest,29.44
Jsoup,50,Zest,26.32
Jsoup,51,Zest,74.36
Jsoup,52,Zest,25.27
Jsoup,53,Zest,85.19
Jsoup,54,Zest,15.28
Jsoup,55,Zest,12.88
Jsoup,56,Zest,10.31
Jsoup,57,Zest,76.38
Jsoup,58,Zest,27.74
Jsoup,59,Zest,16.77
Jsoup,60,Zest,63.14
Jsoup,61,Zest,30.40
Jsoup,62,Zest,5.08
Jsoup,63,Zest,11.03
Jsoup,64,Zest,5.09
Jsoup,65,Zest,5.25
Jsoup,66,Zest,26.92
Jsoup,67,Zest,8.09
Jsoup,68,Zest,8.42
Jsoup,69,Zest,2.38
Jsoup,70,Zest,25.69
Jsoup,71,Zest,33.93
Jsoup,72,Zest,70.87
Jsoup,73,Zest,14.86
Jsoup,74,Zest,88.24
Jsoup,75,Zest,56.29
Jsoup,76,Zest,5.06
Jsoup,77,Zest,59.42
Jsoup,78,Zest,26.79
Jsoup,79,Zest,100.00
Jsoup,80,Zest,45.71
Jsoup,81,Zest,23.97
Jsoup,82,Zest,23.48
Jsoup,83,Zest,21.62
Jsoup,84,Zest,14.29
Jsoup,85,Zest,71.21
Jsoup,86,Zest,100.00
Jsoup,87,Zest,8.66
Jsoup,88,Zest,74.24
Jsoup,89,Zest,77.61
Jsoup,90,Zest,21.57
Jsoup,91,Zest,43.80
Jsoup,92,Zest,12.45
Jsoup,93,Zest,2.33
JxPath,1,Zest,6.34
JxPath,2,Zest,37.21
JxPath,3,Zest,28.92
JxPath,4,Zest,7.04
JxPath,5,Zest,20.67
JxPath,6,Zest,49.06
JxPath,7,Zest,78.57
JxPath,8,Zest,79.07
JxPath,9,Zest,54.41
JxPath,10,Zest,81.40
JxPath,11,Zest,9.24
JxPath,12,Zest,11.05
JxPath,13,Zest,12.85
JxPath,14,Zest,49.03
JxPath,15,Zest,70.00
JxPath,16,Zest,7.69
JxPath,17,Zest,10.00
JxPath,18,Zest,74.29
JxPath,19,Zest,7.49
JxPath,20,Zest,83.67
JxPath,21,Zest,38.03
JxPath,22,Zest,15.25
Lang,1,Zest,35.79
Lang,3,Zest,33.33
Lang,4,Zest,60.00
Lang,5,Zest,29.17
Lang,6,Zest,76.67
Lang,7,Zest,6.05
Lang,8,Zest,79.82
Lang,9,Zest,72.00
Lang,10,Zest,73.63
Lang,11,Zest,32.76
Lang,12,Zest,25.00
Lang,13,Zest,63.29
Lang,14,Zest,6.26
Lang,15,Zest,28.09
Lang,16,Zest,25.07
Lang,17,Zest,76.67
Lang,19,Zest,12.50
Lang,20,Zest,7.86
Lang,21,Zest,36.99
Lang,22,Zest,14.54
Lang,23,Zest,32.97
Lang,24,Zest,16.22
Lang,26,Zest,41.94
Lang,27,Zest,25.00
Lang,28,Zest,12.00
Lang,29,Zest,85.82
Lang,30,Zest,6.35
Lang,31,Zest,6.68
Lang,32,Zest,43.87
Lang,33,Zest,24.83
Lang,34,Zest,55.34
Lang,35,Zest,8.20
Lang,36,Zest,24.60
Lang,37,Zest,14.11
Lang,38,Zest,43.66
Lang,39,Zest,6.91
Lang,40,Zest,6.99
Lang,41,Zest,14.34
Lang,42,Zest,44.81
Lang,43,Zest,49.10
Lang,44,Zest,35.42
Lang,45,Zest,43.57
Lang,46,Zest,18.02
Lang,47,Zest,18.86
Lang,49,Zest,14.75
Lang,50,Zest,43.87
Lang,51,Zest,12.79
Lang,52,Zest,48.31
Lang,53,Zest,41.94
Lang,54,Zest,20.99
Lang,55,Zest,70.69
Lang,56,Zest,42.61
Lang,57,Zest,41.77
Lang,58,Zest,23.73
Lang,59,Zest,17.99
Lang,60,Zest,14.79
Lang,61,Zest,17.07
Lang,62,Zest,44.13
Lang,63,Zest,91.21
Lang,64,Zest,9.09
Lang,65,Zest,38.25
Math,1,Zest,46.85
Math,2,Zest,52.70
Math,3,Zest,39.72
Math,4,Zest,13.64
Math,5,Zest,46.90
Math,6,Zest,9.41
Math,7,Zest,19.38
Math,8,Zest,17.50
Math,9,Zest,10.64
Math,10,Zest,15.34
Math,11,Zest,86.44
Math,12,Zest,18.75
Math,13,Zest,48.28
Math,14,Zest,50.91
Math,15,Zest,30.06
Math,16,Zest,32.60
Math,17,Zest,0.29
Math,18,Zest,6.25
Math,19,Zest,1.37
Math,20,Zest,6.99
Math,21,Zest,3.64
Math,22,Zest,66.28
Math,23,Zest,23.39
Math,24,Zest,24.17
Math,25,Zest,8.33
Math,26,Zest,55.74
Math,27,Zest,59.56
Math,28,Zest,20.99
Math,29,Zest,16.72
Math,30,Zest,100.00
Math,32,Zest,15.98
Math,33,Zest,4.86
Math,34,Zest,80.00
Math,35,Zest,89.47
Math,36,Zest,30.00
Math,37,Zest,50.44
Math,38,Zest,2.50
Math,39,Zest,16.96
Math,40,Zest,29.32
Math,41,Zest,83.04
Math,42,Zest,4.86
Math,43,Zest,63.02
Math,44,Zest,14.75
Math,45,Zest,15.84
Math,46,Zest,50.50
Math,47,Zest,49.50
Math,48,Zest,20.27
Math,49,Zest,17.72
Math,50,Zest,20.55
Math,51,Zest,19.48
Math,52,Zest,7.07
Math,53,Zest,51.74
Math,54,Zest,1.40
Math,55,Zest,15.15
Math,56,Zest,77.14
Math,57,Zest,24.17
Math,58,Zest,11.46
Math,59,Zest,34.93
Math,60,Zest,88.37
Math,62,Zest,52.17
Math,63,Zest,20.85
Math,64,Zest,16.34
Math,65,Zest,42.39
Math,66,Zest,23.71
Math,67,Zest,35.48
Math,68,Zest,15.63
Math,69,Zest,57.33
Math,70,Zest,52.17
Math,71,Zest,13.73
Math,72,Zest,23.36
Math,73,Zest,23.36
Math,74,Zest,16.13
Math,75,Zest,72.39
Math,76,Zest,2.17
Math,77,Zest,7.44
Math,78,Zest,26.53
Math,79,Zest,20.71
Math,80,Zest,0.35
Math,81,Zest,0.35
Math,82,Zest,26.67
Math,83,Zest,3.87
Math,84,Zest,31.71
Math,85,Zest,26.32
Math,86,Zest,2.59
Math,87,Zest,3.95
Math,88,Zest,3.95
Math,89,Zest,84.55
Math,90,Zest,84.26
Math,91,Zest,58.90
Math,92,Zest,40.00
Math,93,Zest,40.26
Math,94,Zest,38.22
Math,95,Zest,87.50
Math,96,Zest,62.68
Math,97,Zest,1.01
Math,98,Zest,15.47
Math,99,Zest,41.61
Math,100,Zest,28.77
Math,101,Zest,63.19
Math,102,Zest,71.77
Math,103,Zest,90.70
Math,104,Zest,80.85
Math,105,Zest,84.51
Math,106,Zest,22.22
Mockito,1,Zest,14.49
Mockito,2,Zest,100.00
Mockito,3,Zest,14.29
Mockito,4,Zest,15.72
Mockito,5,Zest,50.00
Mockito,6,Zest,38.18
Mockito,7,Zest,38.86
Mockito,8,Zest,40.23
Mockito,9,Zest,50.00
Mockito,10,Zest,45.45
Mockito,11,Zest,57.89
Mockito,12,Zest,22.22
Mockito,13,Zest,51.22
Mockito,14,Zest,48.60
Mockito,15,Zest,50.00
Mockito,16,Zest,45.19
Mockito,17,Zest,59.38
Mockito,18,Zest,52.17
Mockito,19,Zest,57.65
Mockito,20,Zest,39.02
Mockito,21,Zest,100.00
Mockito,22,Zest,66.67
Mockito,23,Zest,39.02
Mockito,24,Zest,52.27
Mockito,25,Zest,37.50
Mockito,26,Zest,97.22
Mockito,27,Zest,46.34
Mockito,28,Zest,58.06
Mockito,29,Zest,93.33
Mockito,30,Zest,21.43
Mockito,31,Zest,15.00
Mockito,32,Zest,34.62
Mockito,33,Zest,18.87
Mockito,34,Zest,21.05
Mockito,35,Zest,37.25
Mockito,36,Zest,11.11
Mockito,37,Zest,31.25
Mockito,38,Zest,55.56
Time,1,Zest,30.16
Time,2,Zest,31.23
Time,3,Zest,2.02
Time,4,Zest,17.39
Time,5,Zest,13.19
Time,6,Zest,43.16
Time,7,Zest,12.50
Time,8,Zest,64.43
Time,9,Zest,64.79
Time,10,Zest,45.07
Time,11,Zest,24.43
Time,12,Zest,18.93
Time,13,Zest,13.19
Time,14,Zest,0.85
Time,15,Zest,87.01
Time,16,Zest,11.54
Time,17,Zest,64.59
Time,18,Zest,45.17
Time,19,Zest,66.47
Time,20,Zest,7.23
Time,22,Zest,29.55
Time,23,Zest,62.97
Time,24,Zest,58.50
Time,25,Zest,66.07
Time,26,Zest,34.03
Chart,5,Gemini,79.65
Chart,6,Gemini,100.00
Chart,7,Gemini,96.23
Chart,8,Gemini,94.44
Chart,10,Gemini,100.00
Chart,12,Gemini,96.32
Chart,14,Gemini,19.18
Chart,16,Gemini,87.23
Chart,17,Gemini,72.92
Chart,18,Gemini,65.79
Chart,20,Gemini,95.45
Chart,21,Gemini,78.26
Chart,22,Gemini,95.16
Chart,24,Gemini,100.00
Chart,26,Gemini,91.14
Cli,2,Gemini,97.06
Cli,3,Gemini,0.00
Cli,5,Gemini,0.00
Cli,9,Gemini,0.00
Cli,10,Gemini,0.00
Cli,11,Gemini,0.00
Cli,12,Gemini,0.00
Cli,15,Gemini,0.00
Cli,17,Gemini,0.00
Cli,18,Gemini,0.00
Cli,19,Gemini,0.00
Cli,20,Gemini,0.00
Cli,22,Gemini,0.00
Cli,23,Gemini,0.00
Cli,25,Gemini,0.00
Cli,26,Gemini,0.00
Cli,27,Gemini,0.00
Cli,28,Gemini,0.00
Cli,29,Gemini,0.00
Cli,30,Gemini,0.00
Cli,31,Gemini,0.00
Cli,32,Gemini,0.00
Cli,33,Gemini,0.00
Cli,35,Gemini,100.00
Cli,36,Gemini,71.28
Cli,37,Gemini,86.63
Cli,38,Gemini,85.34
Cli,39,Gemini,92.86
Cli,40,Gemini,86.67
Closure,1,Gemini,4.62
Closure,3,Gemini,88.64
Closure,5,Gemini,90.06
Closure,9,Gemini,75.23
Closure,12,Gemini,38.64
Closure,22,Gemini,72.09
Closure,28,Gemini,92.31
Closure,42,Gemini,79.93
Closure,46,Gemini,90.83
Closure,49,Gemini,99.48
Closure,54,Gemini,51.18
Closure,58,Gemini,96.15
Closure,62,Gemini,98.65
Closure,66,Gemini,62.92
Closure,73,Gemini,13.99
Closure,78,Gemini,45.29
Closure,79,Gemini,66.24
Closure,80,Gemini,24.92
Closure,83,Gemini,86.15
Closure,86,Gemini,27.12
Closure,94,Gemini,20.82
Closure,97,Gemini,61.98
Closure,101,Gemini,90.30
Closure,110,Gemini,37.64
Closure,115,Gemini,72.99
Closure,119,Gemini,78.63
Closure,122,Gemini,75.69
Closure,123,Gemini,72.62
Closure,131,Gemini,95.58
Closure,140,Gemini,41.10
Closure,145,Gemini,50.88
Closure,148,Gemini,39.29
Closure,153,Gemini,26.06
Closure,157,Gemini,31.40
Closure,164,Gemini,95.51
Closure,173,Gemini,23.23
Codec,1,Gemini,7.81
Codec,2,Gemini,89.72
Codec,3,Gemini,68.43
Codec,4,Gemini,92.64
Codec,5,Gemini,96.54
Codec,6,Gemini,97.14
Codec,7,Gemini,93.13
Codec,8,Gemini,60.15
Codec,9,Gemini,88.18
Codec,10,Gemini,100.00
Codec,11,Gemini,100.00
Codec,12,Gemini,96.77
Codec,15,Gemini,100.00
Codec,16,Gemini,91.57
Codec,17,Gemini,100.00
Codec,18,Gemini,100.00
Collections,1,Gemini,86.35
Collections,2,Gemini,76.77
Collections,4,Gemini,99.10
Collections,5,Gemini,93.90
Collections,6,Gemini,76.36
Collections,7,Gemini,66.87
Collections,8,Gemini,100.00
Collections,9,Gemini,77.19
Collections,10,Gemini,93.28
Collections,11,Gemini,100.00
Collections,12,Gemini,72.19
Collections,13,Gemini,72.45
Collections,14,Gemini,100.00
Collections,15,Gemini,98.84
Collections,16,Gemini,95.35
Collections,17,Gemini,100.00
Collections,18,Gemini,95.70
Collections,19,Gemini,89.91
Collections,20,Gemini,84.30
Collections,21,Gemini,96.33
Collections,23,Gemini,97.06
Collections,24,Gemini,100.00
Collections,26,Gemini,100.00
Compress,2,Gemini,95.89
Compress,3,Gemini,100.00
Compress,5,Gemini,93.17
Compress,6,Gemini,70.59
Compress,7,Gemini,96.83
Compress,8,Gemini,97.14
Compress,9,Gemini,90.91
Compress,10,Gemini,79.28
Compress,11,Gemini,88.41
Compress,12,Gemini,73.85
Compress,13,Gemini,70.50
Compress,14,Gemini,97.03
Compress,16,Gemini,91.43
Compress,17,Gemini,83.80
Compress,19,Gemini,95.24
Compress,20,Gemini,91.59
Compress,21,Gemini,91.28
Compress,22,Gemini,85.46
Compress,23,Gemini,81.55
Compress,24,Gemini,82.22
Compress,26,Gemini,94.44
Compress,28,Gemini,77.00
Compress,31,Gemini,71.02
Compress,33,Gemini,70.83
Compress,34,Gemini,100.00
Compress,35,Gemini,81.03
Compress,37,Gemini,78.48
Compress,39,Gemini,82.26
Compress,40,Gemini,100.00
Compress,42,Gemini,80.74
Compress,44,Gemini,100.00
Compress,45,Gemini,82.46
Compress,46,Gemini,97.48
Compress,47,Gemini,64.90
Csv,1,Gemini,100.00
Csv,2,Gemini,100.00
Csv,5,Gemini,87.97
Csv,6,Gemini,100.00
Csv,7,Gemini,91.09
Csv,8,Gemini,87.71
Csv,9,Gemini,97.22
Csv,10,Gemini,92.50
Csv,12,Gemini,91.85
Csv,14,Gemini,72.75
Csv,15,Gemini,78.34
Csv,16,Gemini,89.43
Gson,3,Gemini,91.86
Gson,4,Gemini,21.43
Gson,5,Gemini,95.33
Gson,6,Gemini,100.00
Gson,9,Gemini,24.20
Gson,11,Gemini,82.80
Gson,12,Gemini,92.86
Gson,15,Gemini,88.38
Gson,17,Gemini,89.09
JacksonCore,4,Gemini,80.53
JacksonCore,5,Gemini,95.24
JacksonCore,6,Gemini,100.00
JacksonCore,10,Gemini,77.42
JacksonCore,11,Gemini,71.37
JacksonCore,14,Gemini,100.00
JacksonCore,16,Gemini,100.00
JacksonCore,20,Gemini,69.88
JacksonCore,21,Gemini,70.65
JacksonCore,24,Gemini,30.15
JacksonCore,25,Gemini,40.33
JacksonDatabind,3,Gemini,93.55
JacksonDatabind,13,Gemini,71.97
JacksonDatabind,16,Gemini,100.00
JacksonDatabind,18,Gemini,86.76
JacksonDatabind,24,Gemini,98.51
JacksonDatabind,27,Gemini,49.23
JacksonDatabind,28,Gemini,100.00
JacksonDatabind,29,Gemini,82.98
JacksonDatabind,30,Gemini,27.70
JacksonDatabind,31,Gemini,67.94
JacksonDatabind,34,Gemini,96.55
JacksonDatabind,36,Gemini,77.72
JacksonDatabind,37,Gemini,91.04
JacksonDatabind,38,Gemini,40.16
JacksonDatabind,39,Gemini,100.00
JacksonDatabind,40,Gemini,77.63
JacksonDatabind,42,Gemini,88.18
JacksonDatabind,44,Gemini,89.33
JacksonDatabind,49,Gemini,100.00
JacksonDatabind,52,Gemini,35.37
JacksonDatabind,53,Gemini,73.66
JacksonXml,2,Gemini,81.18
JacksonXml,4,Gemini,73.95
JacksonXml,6,Gemini,35.67
Jsoup,2,Gemini,97.53
Jsoup,3,Gemini,31.37
Jsoup,5,Gemini,98.84
Jsoup,7,Gemini,100.00
Jsoup,8,Gemini,86.33
Jsoup,10,Gemini,94.81
Jsoup,11,Gemini,95.96
Jsoup,12,Gemini,93.12
Jsoup,13,Gemini,86.60
Jsoup,16,Gemini,100.00
Jsoup,17,Gemini,53.57
Jsoup,18,Gemini,97.94
Jsoup,19,Gemini,95.24
Jsoup,20,Gemini,95.45
Jsoup,21,Gemini,89.42
Jsoup,22,Gemini,62.37
Jsoup,23,Gemini,85.25
Jsoup,24,Gemini,47.95
Jsoup,25,Gemini,90.00
Jsoup,26,Gemini,100.00
Jsoup,27,Gemini,95.83
Jsoup,29,Gemini,94.02
Jsoup,30,Gemini,100.00
Jsoup,32,Gemini,75.25
Jsoup,34,Gemini,98.53
Jsoup,35,Gemini,58.26
Jsoup,36,Gemini,93.33
Jsoup,37,Gemini,76.22
Jsoup,38,Gemini,60.62
Jsoup,39,Gemini,92.00
Jsoup,40,Gemini,100.00
Jsoup,42,Gemini,100.00
Jsoup,43,Gemini,78.35
Jsoup,45,Gemini,70.21
Jsoup,46,Gemini,97.46
Jsoup,47,Gemini,95.76
Jsoup,49,Gemini,94.37
Jsoup,50,Gemini,92.22
Jsoup,52,Gemini,13.33
Jsoup,53,Gemini,93.85
Jsoup,54,Gemini,94.37
Jsoup,57,Gemini,86.61
Jsoup,58,Gemini,84.25
Jsoup,59,Gemini,98.75
Jsoup,60,Gemini,81.92
Jsoup,63,Gemini,27.99
Jsoup,66,Gemini,78.46
Jsoup,68,Gemini,74.08
Jsoup,69,Gemini,100.00
Jsoup,70,Gemini,81.98
Jsoup,71,Gemini,73.72
Jsoup,72,Gemini,92.98
Jsoup,73,Gemini,94.37
Jsoup,74,Gemini,95.18
Jsoup,75,Gemini,94.05
Jsoup,78,Gemini,93.58
Jsoup,79,Gemini,100.00
Jsoup,81,Gemini,88.03
Jsoup,82,Gemini,87.61
Jsoup,84,Gemini,94.74
Jsoup,85,Gemini,89.23
Jsoup,88,Gemini,92.42
Jsoup,89,Gemini,89.39
Jsoup,93,Gemini,100.00
JxPath,1,Gemini,30.01
JxPath,2,Gemini,86.84
JxPath,4,Gemini,34.93
JxPath,5,Gemini,71.51
JxPath,8,Gemini,92.31
JxPath,11,Gemini,40.00
JxPath,14,Gemini,46.48
JxPath,15,Gemini,100.00
JxPath,16,Gemini,36.51
JxPath,17,Gemini,41.59
JxPath,18,Gemini,0.00
JxPath,19,Gemini,0.00
JxPath,21,Gemini,81.43
Lang,1,Gemini,89.87
Lang,3,Gemini,89.81
Lang,4,Gemini,100.00
Lang,5,Gemini,100.00
Lang,6,Gemini,93.33
Lang,7,Gemini,85.79
Lang,8,Gemini,96.14
Lang,9,Gemini,90.48
Lang,11,Gemini,92.86
Lang,12,Gemini,92.31
Lang,13,Gemini,78.12
Lang,14,Gemini,76.01
Lang,16,Gemini,85.60
Lang,17,Gemini,93.94
Lang,19,Gemini,100.00
Lang,20,Gemini,68.64
Lang,21,Gemini,83.39
Lang,22,Gemini,83.81
Lang,24,Gemini,85.64
Lang,26,Gemini,85.59
Lang,27,Gemini,87.17
Lang,28,Gemini,100.00
Lang,29,Gemini,94.33
Lang,32,Gemini,91.78
Lang,33,Gemini,93.01
Lang,34,Gemini,92.62
Lang,35,Gemini,20.54
Lang,36,Gemini,82.70
Lang,37,Gemini,24.50
Lang,38,Gemini,93.75
Lang,40,Gemini,80.38
Lang,41,Gemini,92.67
Lang,42,Gemini,92.27
Lang,44,Gemini,85.79
Lang,45,Gemini,94.93
Lang,46,Gemini,89.59
Lang,47,Gemini,68.10
Lang,49,Gemini,84.42
Lang,50,Gemini,89.72
Lang,51,Gemini,100.00
Lang,52,Gemini,93.14
Lang,53,Gemini,80.65
Lang,54,Gemini,100.00
Lang,55,Gemini,98.25
Lang,56,Gemini,91.81
Lang,57,Gemini,100.00
Lang,58,Gemini,80.00
Lang,62,Gemini,95.85
Lang,63,Gemini,97.62
Lang,64,Gemini,100.00
Lang,65,Gemini,82.56
Math,1,Gemini,38.59
Math,2,Gemini,100.00
Math,3,Gemini,79.10
Math,4,Gemini,69.05
Math,5,Gemini,74.34
Math,6,Gemini,5.56
Math,7,Gemini,53.08
Math,8,Gemini,97.50
Math,9,Gemini,97.83
Math,11,Gemini,100.00
Math,12,Gemini,100.00
Math,14,Gemini,25.49
Math,18,Gemini,94.12
Math,19,Gemini,94.41
Math,20,Gemini,92.60
Math,21,Gemini,100.00
Math,23,Gemini,98.35
Math,24,Gemini,94.17
Math,25,Gemini,84.04
Math,26,Gemini,89.62
Math,27,Gemini,80.33
Math,28,Gemini,94.94
Math,30,Gemini,100.00
Math,31,Gemini,98.31
Math,33,Gemini,97.30
Math,35,Gemini,100.00
Math,36,Gemini,91.74
Math,38,Gemini,92.00
Math,39,Gemini,100.00
Math,40,Gemini,93.65
Math,41,Gemini,94.64
Math,43,Gemini,86.98
Math,45,Gemini,100.00
Math,47,Gemini,84.08
Math,48,Gemini,84.93
Math,50,Gemini,84.00
Math,52,Gemini,61.58
Math,53,Gemini,98.24
Math,55,Gemini,98.28
Math,56,Gemini,97.33
Math,57,Gemini,55.83
Math,58,Gemini,80.21
Math,60,Gemini,87.23
Math,61,Gemini,100.00
Math,63,Gemini,66.99
Math,65,Gemini,100.00
Math,66,Gemini,100.00
Math,67,Gemini,93.55
Math,69,Gemini,100.00
Math,70,Gemini,100.00
Math,71,Gemini,36.55
Math,72,Gemini,92.52
Math,73,Gemini,95.19
Math,75,Gemini,91.79
Math,76,Gemini,99.25
Math,78,Gemini,82.22
Math,80,Gemini,78.71
Math,81,Gemini,88.06
Math,82,Gemini,96.67
Math,84,Gemini,100.00
Math,85,Gemini,94.74
Math,89,Gemini,94.44
Math,90,Gemini,95.28
Math,91,Gemini,93.87
Math,92,Gemini,78.79
Math,93,Gemini,70.35
Math,94,Gemini,84.89
Math,95,Gemini,100.00
Math,96,Gemini,97.89
Math,97,Gemini,91.01
Math,100,Gemini,100.00
Math,101,Gemini,93.71
Math,102,Gemini,95.50
Math,103,Gemini,100.00
Math,104,Gemini,95.74
Math,105,Gemini,100.00
Math,106,Gemini,94.74
Mockito,12,Gemini,100.00
Mockito,15,Gemini,100.00
Mockito,16,Gemini,79.81
Mockito,22,Gemini,92.31
Mockito,23,Gemini,90.91
Mockito,24,Gemini,86.36
Mockito,25,Gemini,95.65
Mockito,26,Gemini,100.00
Mockito,27,Gemini,97.62
Mockito,28,Gemini,100.00
Mockito,29,Gemini,100.00
Mockito,30,Gemini,18.75
Mockito,31,Gemini,94.74
Mockito,32,Gemini,91.30
Mockito,35,Gemini,98.04
Mockito,36,Gemini,94.29
Mockito,38,Gemini,100.00
Time,1,Gemini,14.29
Time,2,Gemini,13.47
Time,3,Gemini,64.29
Time,6,Gemini,75.62
Time,7,Gemini,87.98
Time,8,Gemini,83.94
Time,9,Gemini,85.75
Time,10,Gemini,98.59
Time,14,Gemini,81.58
Time,16,Gemini,87.44
Time,17,Gemini,75.51
Time,18,Gemini,72.38
Time,19,Gemini,74.93
Time,20,Gemini,40.27
Time,23,Gemini,80.41
Time,26,Gemini,26.46
Chart,6,DeepSeek,100.00
Chart,7,DeepSeek,88.68
Chart,8,DeepSeek,87.65
Chart,10,DeepSeek,100.00
Chart,11,DeepSeek,79.19
Chart,12,DeepSeek,56.84
Chart,13,DeepSeek,98.25
Chart,14,DeepSeek,13.85
Chart,16,DeepSeek,76.60
Chart,17,DeepSeek,71.18
Chart,18,DeepSeek,66.92
Chart,20,DeepSeek,95.45
Chart,21,DeepSeek,43.48
Chart,22,DeepSeek,85.48
Chart,24,DeepSeek,100.00
Chart,25,DeepSeek,12.64
Chart,26,DeepSeek,92.86
Cli,1,DeepSeek,0.00
Cli,2,DeepSeek,0.00
Cli,3,DeepSeek,0.00
Cli,4,DeepSeek,0.00
Cli,5,DeepSeek,0.00
Cli,9,DeepSeek,0.00
Cli,12,DeepSeek,0.00
Cli,17,DeepSeek,0.00
Cli,18,DeepSeek,0.00
Cli,19,DeepSeek,0.00
Cli,20,DeepSeek,0.00
Cli,22,DeepSeek,0.00
Cli,23,DeepSeek,0.00
Cli,24,DeepSeek,0.00
Cli,26,DeepSeek,0.00
Cli,28,DeepSeek,0.00
Cli,29,DeepSeek,0.00
Cli,30,DeepSeek,0.00
Closure,3,DeepSeek,88.07
Closure,5,DeepSeek,4.42
Closure,8,DeepSeek,86.90
Closure,10,DeepSeek,12.40
Closure,30,DeepSeek,76.74
Closure,35,DeepSeek,0.00
Closure,36,DeepSeek,56.06
Closure,37,DeepSeek,7.81
Codec,1,DeepSeek,7.81
Codec,3,DeepSeek,67.55
Codec,4,DeepSeek,78.79
Codec,5,DeepSeek,80.95
Codec,6,DeepSeek,97.14
Codec,7,DeepSeek,76.82
Codec,8,DeepSeek,63.60
Codec,9,DeepSeek,70.91
Codec,11,DeepSeek,86.42
Codec,12,DeepSeek,96.77
Codec,13,DeepSeek,5.61
Codec,14,DeepSeek,5.41
Codec,16,DeepSeek,90.36
Codec,17,DeepSeek,74.36
Codec,18,DeepSeek,97.44
Collections,1,DeepSeek,32.18
Collections,4,DeepSeek,74.77
Collections,6,DeepSeek,53.94
Collections,8,DeepSeek,100.00
Collections,10,DeepSeek,86.55
Collections,11,DeepSeek,100.00
Collections,14,DeepSeek,77.78
Collections,15,DeepSeek,83.72
Collections,16,DeepSeek,88.37
Collections,18,DeepSeek,78.49
Collections,19,DeepSeek,83.49
Collections,20,DeepSeek,75.09
Collections,21,DeepSeek,85.32
Collections,22,DeepSeek,72.31
Collections,24,DeepSeek,100.00
Compress,4,DeepSeek,42.05
Compress,7,DeepSeek,96.83
Compress,8,DeepSeek,94.29
Compress,9,DeepSeek,83.64
Compress,12,DeepSeek,75.90
Compress,14,DeepSeek,90.10
Compress,15,DeepSeek,67.00
Compress,16,DeepSeek,88.57
Compress,17,DeepSeek,74.86
Compress,18,DeepSeek,84.16
Compress,19,DeepSeek,93.33
Compress,20,DeepSeek,92.06
Compress,21,DeepSeek,73.59
Compress,22,DeepSeek,76.29
Compress,23,DeepSeek,41.75
Compress,24,DeepSeek,72.78
Compress,25,DeepSeek,74.06
Compress,26,DeepSeek,94.44
Compress,27,DeepSeek,74.16
Compress,28,DeepSeek,50.23
Compress,29,DeepSeek,16.72
Compress,30,DeepSeek,79.18
Compress,31,DeepSeek,65.91
Compress,32,DeepSeek,57.27
Compress,33,DeepSeek,8.33
Compress,34,DeepSeek,98.57
Compress,35,DeepSeek,76.44
Compress,38,DeepSeek,73.68
Compress,39,DeepSeek,80.65
Compress,40,DeepSeek,100.00
Compress,41,DeepSeek,53.16
Compress,43,DeepSeek,43.90
Compress,44,DeepSeek,100.00
Compress,45,DeepSeek,74.85
Csv,1,DeepSeek,100.00
Csv,2,DeepSeek,95.24
Csv,6,DeepSeek,97.14
Csv,9,DeepSeek,100.00
Csv,11,DeepSeek,80.19
Csv,13,DeepSeek,54.03
Csv,16,DeepSeek,78.05
Gson,1,DeepSeek,89.58
Gson,4,DeepSeek,42.18
Gson,5,DeepSeek,98.00
Gson,6,DeepSeek,100.00
Gson,7,DeepSeek,61.84
Gson,8,DeepSeek,0.00
Gson,9,DeepSeek,20.21
Gson,10,DeepSeek,94.87
Gson,12,DeepSeek,52.98
Gson,13,DeepSeek,57.39
Gson,17,DeepSeek,89.09
JacksonCore,1,DeepSeek,48.49
JacksonCore,2,DeepSeek,16.44
JacksonCore,5,DeepSeek,92.86
JacksonCore,6,DeepSeek,88.10
JacksonCore,11,DeepSeek,57.26
JacksonCore,12,DeepSeek,16.25
JacksonCore,14,DeepSeek,91.18
JacksonCore,23,DeepSeek,93.40
JacksonCore,26,DeepSeek,29.76
JacksonDatabind,6,DeepSeek,84.56
JacksonDatabind,17,DeepSeek,23.67
JacksonDatabind,27,DeepSeek,37.24
JacksonDatabind,32,DeepSeek,41.98
JacksonDatabind,36,DeepSeek,70.47
JacksonDatabind,37,DeepSeek,71.64
JacksonDatabind,43,DeepSeek,0.00
JacksonDatabind,55,DeepSeek,78.69
JacksonDatabind,56,DeepSeek,80.36
JacksonDatabind,59,DeepSeek,46.48
JacksonDatabind,63,DeepSeek,76.42
JacksonDatabind,84,DeepSeek,93.33
JacksonDatabind,94,DeepSeek,85.71
JacksonDatabind,97,DeepSeek,75.61
JacksonDatabind,104,DeepSeek,75.37
JacksonDatabind,105,DeepSeek,94.74
JacksonDatabind,108,DeepSeek,43.65
JacksonXml,1,DeepSeek,41.16
JacksonXml,2,DeepSeek,58.24
JacksonXml,6,DeepSeek,46.19
Jsoup,1,DeepSeek,100.00
Jsoup,2,DeepSeek,96.91
Jsoup,3,DeepSeek,71.33
Jsoup,5,DeepSeek,95.35
Jsoup,7,DeepSeek,97.50
Jsoup,8,DeepSeek,65.47
Jsoup,10,DeepSeek,75.97
Jsoup,11,DeepSeek,79.80
Jsoup,12,DeepSeek,89.91
Jsoup,13,DeepSeek,73.20
Jsoup,15,DeepSeek,37.53
Jsoup,16,DeepSeek,100.00
Jsoup,18,DeepSeek,59.79
Jsoup,19,DeepSeek,94.56
Jsoup,20,DeepSeek,81.82
Jsoup,21,DeepSeek,87.30
Jsoup,22,DeepSeek,36.88
Jsoup,23,DeepSeek,71.89
Jsoup,24,DeepSeek,33.31
Jsoup,25,DeepSeek,94.44
Jsoup,26,DeepSeek,100.00
Jsoup,27,DeepSeek,93.75
Jsoup,28,DeepSeek,52.74
Jsoup,29,DeepSeek,89.74
Jsoup,30,DeepSeek,100.00
Jsoup,31,DeepSeek,6.48
Jsoup,33,DeepSeek,58.27
Jsoup,34,DeepSeek,97.06
Jsoup,36,DeepSeek,76.67
Jsoup,37,DeepSeek,78.83
Jsoup,39,DeepSeek,92.00
Jsoup,40,DeepSeek,94.12
Jsoup,41,DeepSeek,32.21
Jsoup,44,DeepSeek,100.00
Jsoup,46,DeepSeek,91.53
Jsoup,47,DeepSeek,83.90
Jsoup,50,DeepSeek,78.89
Jsoup,51,DeepSeek,81.03
Jsoup,52,DeepSeek,78.97
Jsoup,54,DeepSeek,92.96
Jsoup,57,DeepSeek,85.04
Jsoup,58,DeepSeek,48.03
Jsoup,59,DeepSeek,75.00
Jsoup,60,DeepSeek,80.82
Jsoup,62,DeepSeek,21.94
Jsoup,63,DeepSeek,24.49
Jsoup,65,DeepSeek,35.31
Jsoup,66,DeepSeek,43.85
Jsoup,67,DeepSeek,64.04
Jsoup,69,DeepSeek,100.00
Jsoup,73,DeepSeek,94.37
Jsoup,74,DeepSeek,95.18
Jsoup,75,DeepSeek,94.64
Jsoup,78,DeepSeek,87.16
Jsoup,79,DeepSeek,96.97
Jsoup,81,DeepSeek,81.20
Jsoup,82,DeepSeek,91.15
Jsoup,84,DeepSeek,89.47
Jsoup,85,DeepSeek,80.00
Jsoup,86,DeepSeek,100.00
Jsoup,87,DeepSeek,4.99
Jsoup,88,DeepSeek,89.39
Jsoup,89,DeepSeek,75.76
Jsoup,91,DeepSeek,1.20
Jsoup,92,DeepSeek,34.04
Jsoup,93,DeepSeek,100.00
JxPath,1,DeepSeek,18.37
JxPath,2,DeepSeek,76.32
JxPath,3,DeepSeek,64.94
JxPath,4,DeepSeek,18.13
JxPath,5,DeepSeek,25.70
JxPath,6,DeepSeek,77.55
JxPath,7,DeepSeek,85.71
JxPath,9,DeepSeek,77.78
JxPath,15,DeepSeek,100.00
JxPath,16,DeepSeek,0.00
JxPath,17,DeepSeek,41.59
JxPath,18,DeepSeek,100.00
JxPath,19,DeepSeek,22.80
JxPath,21,DeepSeek,34.29
Lang,3,DeepSeek,84.45
Lang,4,DeepSeek,100.00
Lang,5,DeepSeek,92.68
Lang,6,DeepSeek,100.00
Lang,7,DeepSeek,70.26
Lang,8,DeepSeek,74.78
Lang,9,DeepSeek,83.15
Lang,10,DeepSeek,85.66
Lang,11,DeepSeek,87.50
Lang,12,DeepSeek,88.46
Lang,13,DeepSeek,78.12
Lang,14,DeepSeek,20.51
Lang,16,DeepSeek,44.53
Lang,17,DeepSeek,100.00
Lang,19,DeepSeek,100.00
Lang,21,DeepSeek,67.71
Lang,22,DeepSeek,73.02
Lang,23,DeepSeek,74.25
Lang,24,DeepSeek,48.40
Lang,26,DeepSeek,82.37
Lang,27,DeepSeek,72.19
Lang,28,DeepSeek,100.00
Lang,29,DeepSeek,87.23
Lang,32,DeepSeek,58.90
Lang,33,DeepSeek,45.45
Lang,36,DeepSeek,0.00
Lang,38,DeepSeek,88.15
Lang,39,DeepSeek,8.97
Lang,41,DeepSeek,58.97
Lang,42,DeepSeek,57.97
Lang,44,DeepSeek,83.68
Lang,45,DeepSeek,89.86
Lang,46,DeepSeek,67.87
Lang,47,DeepSeek,37.93
Lang,49,DeepSeek,80.07
Lang,50,DeepSeek,85.01
Lang,52,DeepSeek,82.86
Lang,53,DeepSeek,66.36
Lang,54,DeepSeek,96.20
Lang,55,DeepSeek,91.23
Lang,56,DeepSeek,74.14
Lang,57,DeepSeek,93.67
Lang,61,DeepSeek,43.75
Lang,62,DeepSeek,63.07
Lang,63,DeepSeek,76.98
Lang,64,DeepSeek,100.00
Math,1,DeepSeek,38.35
Math,2,DeepSeek,100.00
Math,4,DeepSeek,42.86
Math,5,DeepSeek,39.38
Math,6,DeepSeek,5.32
Math,8,DeepSeek,97.50
Math,9,DeepSeek,97.83
Math,11,DeepSeek,100.00
Math,12,DeepSeek,100.00
Math,14,DeepSeek,25.49
Math,15,DeepSeek,68.74
Math,16,DeepSeek,26.01
Math,18,DeepSeek,86.47
Math,19,DeepSeek,85.63
Math,20,DeepSeek,88.60
Math,21,DeepSeek,100.00
Math,23,DeepSeek,96.69
Math,24,DeepSeek,10.00
Math,26,DeepSeek,74.86
Math,28,DeepSeek,94.94
Math,30,DeepSeek,100.00
Math,32,DeepSeek,73.96
Math,33,DeepSeek,73.51
Math,34,DeepSeek,92.00
Math,36,DeepSeek,56.96
Math,38,DeepSeek,86.58
Math,40,DeepSeek,81.75
Math,41,DeepSeek,89.29
Math,42,DeepSeek,86.34
Math,43,DeepSeek,84.38
Math,45,DeepSeek,79.38
Math,48,DeepSeek,79.45
Math,50,DeepSeek,77.33
Math,51,DeepSeek,73.24
Math,53,DeepSeek,72.94
Math,55,DeepSeek,87.07
Math,56,DeepSeek,93.33
Math,57,DeepSeek,97.50
Math,58,DeepSeek,78.12
Math,60,DeepSeek,87.23
Math,61,DeepSeek,88.24
Math,63,DeepSeek,29.34
Math,65,DeepSeek,98.96
Math,66,DeepSeek,94.12
Math,69,DeepSeek,85.33
Math,70,DeepSeek,78.26
Math,71,DeepSeek,36.55
Math,72,DeepSeek,83.18
Math,73,DeepSeek,86.54
Math,74,DeepSeek,86.89
Math,75,DeepSeek,79.85
Math,76,DeepSeek,96.27
Math,77,DeepSeek,13.02
Math,79,DeepSeek,39.76
Math,80,DeepSeek,77.19
Math,81,DeepSeek,73.07
Math,84,DeepSeek,88.24
Math,85,DeepSeek,92.11
Math,89,DeepSeek,75.00
Math,90,DeepSeek,86.79
Math,95,DeepSeek,100.00
Math,96,DeepSeek,52.11
Math,97,DeepSeek,71.91
Math,101,DeepSeek,85.31
Math,102,DeepSeek,90.09
Math,103,DeepSeek,100.00
Math,104,DeepSeek,93.62
Math,105,DeepSeek,100.00
Math,106,DeepSeek,91.23
Mockito,1,DeepSeek,83.61
Mockito,2,DeepSeek,100.00
Mockito,3,DeepSeek,75.41
Mockito,4,DeepSeek,19.75
Mockito,5,DeepSeek,88.89
Mockito,6,DeepSeek,98.18
Mockito,7,DeepSeek,84.48
Mockito,8,DeepSeek,52.02
Mockito,9,DeepSeek,100.00
Mockito,10,DeepSeek,88.10
Mockito,11,DeepSeek,100.00
Mockito,12,DeepSeek,100.00
Mockito,15,DeepSeek,100.00
Mockito,16,DeepSeek,72.12
Mockito,17,DeepSeek,80.33
Mockito,18,DeepSeek,84.09
Mockito,19,DeepSeek,90.54
Mockito,20,DeepSeek,60.00
Mockito,21,DeepSeek,100.00
Mockito,22,DeepSeek,92.31
Mockito,23,DeepSeek,90.91
Mockito,24,DeepSeek,97.73
Mockito,25,DeepSeek,95.65
Mockito,26,DeepSeek,97.22
Mockito,27,DeepSeek,95.24
Mockito,28,DeepSeek,93.33
Mockito,29,DeepSeek,100.00
Mockito,30,DeepSeek,17.86
Mockito,31,DeepSeek,89.47
Mockito,32,DeepSeek,86.96
Mockito,33,DeepSeek,93.33
Mockito,34,DeepSeek,57.89
Mockito,35,DeepSeek,98.04
Mockito,36,DeepSeek,77.14
Mockito,37,DeepSeek,100.00
Time,2,DeepSeek,13.13
Time,4,DeepSeek,61.26
Time,6,DeepSeek,50.69
Time,7,DeepSeek,86.06
Time,8,DeepSeek,57.46
Time,9,DeepSeek,56.13
Time,15,DeepSeek,85.33
Time,16,DeepSeek,74.40
Time,17,DeepSeek,71.43
Time,19,DeepSeek,42.27
Time,23,DeepSeek,72.51
Time,24,DeepSeek,89.58
Time,25,DeepSeek,61.28
Time,26,DeepSeek,37.57
